Booking ID,Booking Status,Customer ID,Vehicle Type,Pickup Location,Drop Location,Event Type,Event Time,Ride Distance,Booking Value,Payment Method,Driver Ratings,Customer Rating,Cancelled by,Cancellation Reason,Incomplete Rides,Incomplete Rides Reason
"""CNR5884300""",No Driver Found,"""CID1982111""",eBike,Palam Vihar,Jhilmil,BOOKING_CREATED,2024-03-23 12:29:38,,,,,,,,,
"""CNR4510807""",No Driver Found,"""CID7873618""",Go Sedan,Noida Sector 62,Noida Sector 18,BOOKING_CREATED,2024-09-14 12:49:09,,,,,,,,,
"""CNR9551927""",No Driver Found,"""CID7568143""",Auto,Vidhan Sabha,AIIMS,BOOKING_CREATED,2024-09-18 08:09:38,,,,,,,,,
"""CNR4499383""",No Driver Found,"""CID5717521""",Premier Sedan,Sadar Bazar Gurgaon,Mehrauli,BOOKING_CREATED,2024-04-12 19:42:35,,,,,,,,,
"""CNR9773309""",No Driver Found,"""CID9965847""",Uber XL,Anand Vihar ISBT,Dwarka Sector 21,BOOKING_CREATED,2024-04-11 15:43:34,,,,,,,,,
"""CNR3318044""",No Driver Found,"""CID4051792""",Go Mini,Adarsh Nagar,Gwal Pahari,BOOKING_CREATED,2024-06-20 18:58:36,,,,,,,,,
"""CNR5822542""",No Driver Found,"""CID1628370""",Uber XL,Madipur,DLF City Court,BOOKING_CREATED,2024-05-21 17:39:58,,,,,,,,,
"""CNR8893726""",No Driver Found,"""CID8335294""",Bike,IFFCO Chowk,Dilshad Garden,BOOKING_CREATED,2024-03-23 11:31:18,,,,,,,,,
"""CNR6919653""",No Driver Found,"""CID5736754""",Go Mini,Vishwavidyalaya,MG Road,BOOKING_CREATED,2024-09-19 08:47:23,,,,,,,,,
"""CNR7228014""",No Driver Found,"""CID3515824""",eBike,Madipur,Saket,BOOKING_CREATED,2024-08-15 22:15:54,,,,,,,,,
"""CNR5373942""",No Driver Found,"""CID7792143""",Auto,Nawada,Jahangirpuri,BOOKING_CREATED,2024-05-12 01:09:07,,,,,,,,,
"""CNR7486337""",No Driver Found,"""CID8581638""",Go Mini,Mansarovar Park,Manesar,BOOKING_CREATED,2024-12-19 20:42:59,,,,,,,,,
"""CNR6092310""",No Driver Found,"""CID4998701""",Premier Sedan,Bahadurgarh,Uttam Nagar,BOOKING_CREATED,2024-07-02 15:25:18,,,,,,,,,
"""CNR7165550""",No Driver Found,"""CID7694379""",Bike,Punjabi Bagh,Ghitorni Village,BOOKING_CREATED,2024-07-05 06:41:29,,,,,,,,,
"""CNR4563554""",No Driver Found,"""CID3656786""",Go Mini,Chanakyapuri,Munirka,BOOKING_CREATED,2024-07-27 10:59:44,,,,,,,,,
"""CNR7957879""",No Driver Found,"""CID3277993""",Auto,Satguru Ram Singh Marg,Sikanderpur,BOOKING_CREATED,2024-08-14 14:34:57,,,,,,,,,
"""CNR1390232""",No Driver Found,"""CID6307524""",Auto,GTB Nagar,Jasola,BOOKING_CREATED,2024-12-24 10:03:37,,,,,,,,,
"""CNR4461457""",No Driver Found,"""CID8192836""",Go Mini,Noida Film City,Kirti Nagar,BOOKING_CREATED,2024-07-04 11:00:26,,,,,,,,,
"""CNR3761377""",No Driver Found,"""CID2461173""",eBike,Ashok Park Main,Lok Kalyan Marg,BOOKING_CREATED,2024-11-19 07:50:54,,,,,,,,,
"""CNR6891932""",No Driver Found,"""CID1466189""",eBike,Seelampur,Udyog Bhawan,BOOKING_CREATED,2024-11-19 21:04:42,,,,,,,,,
"""CNR8591450""",No Driver Found,"""CID5485762""",Bike,Vatika Chowk,Inderlok,BOOKING_CREATED,2024-07-04 17:14:35,,,,,,,,,
"""CNR8406654""",No Driver Found,"""CID3494610""",Auto,Gurgaon Sector 56,Greater Noida,BOOKING_CREATED,2024-03-18 17:22:40,,,,,,,,,
"""CNR9513281""",No Driver Found,"""CID8578287""",Premier Sedan,Raj Nagar Extension,Paharganj,BOOKING_CREATED,2024-02-05 19:24:59,,,,,,,,,
"""CNR3377580""",No Driver Found,"""CID3773482""",Auto,Adarsh Nagar,Huda City Centre,BOOKING_CREATED,2024-02-24 23:05:49,,,,,,,,,
"""CNR6714334""",No Driver Found,"""CID3077805""",Auto,Chirag Delhi,Saket,BOOKING_CREATED,2024-02-07 18:58:54,,,,,,,,,
"""CNR7702733""",No Driver Found,"""CID7542922""",Go Sedan,Botanical Garden,Delhi Gate,BOOKING_CREATED,2024-03-29 20:42:13,,,,,,,,,
"""CNR6839076""",No Driver Found,"""CID8166401""",Auto,Punjabi Bagh,Moti Nagar,BOOKING_CREATED,2024-02-16 18:13:26,,,,,,,,,
"""CNR8016082""",No Driver Found,"""CID3400110""",Auto,Nirman Vihar,Greater Noida,BOOKING_CREATED,2024-09-27 18:46:11,,,,,,,,,
"""CNR3120739""",No Driver Found,"""CID5285181""",Bike,Sushant Lok,Nirman Vihar,BOOKING_CREATED,2024-12-18 18:08:25,,,,,,,,,
"""CNR9398491""",No Driver Found,"""CID4442768""",Auto,Nawada,Ghitorni,BOOKING_CREATED,2024-12-12 20:32:17,,,,,,,,,
"""CNR4746570""",No Driver Found,"""CID4041893""",Go Mini,Lajpat Nagar,Patel Chowk,BOOKING_CREATED,2024-07-02 13:28:31,,,,,,,,,
"""CNR8990210""",No Driver Found,"""CID6785239""",Auto,Model Town,Rithala,BOOKING_CREATED,2024-08-03 12:27:33,,,,,,,,,
"""CNR7198703""",No Driver Found,"""CID7566355""",eBike,Mansarovar Park,Keshav Puram,BOOKING_CREATED,2024-12-01 10:25:53,,,,,,,,,
"""CNR4635927""",No Driver Found,"""CID7012211""",Go Sedan,Madipur,South Extension,BOOKING_CREATED,2024-04-24 17:06:19,,,,,,,,,
"""CNR5012798""",No Driver Found,"""CID6112870""",Bike,Kalkaji,Nehru Place,BOOKING_CREATED,2024-02-18 17:50:09,,,,,,,,,
"""CNR4429410""",No Driver Found,"""CID2136964""",Go Sedan,Tughlakabad,IGNOU Road,BOOKING_CREATED,2024-09-21 14:07:00,,,,,,,,,
"""CNR1407529""",No Driver Found,"""CID6340251""",Auto,Kashmere Gate,Panipat,BOOKING_CREATED,2024-07-05 16:39:18,,,,,,,,,
"""CNR8384151""",No Driver Found,"""CID1220681""",Go Sedan,Old Gurgaon,Ghitorni Village,BOOKING_CREATED,2024-09-09 07:04:20,,,,,,,,,
"""CNR9417908""",No Driver Found,"""CID1765887""",Go Sedan,Narsinghpur,Indirapuram,BOOKING_CREATED,2024-04-17 18:01:19,,,,,,,,,
"""CNR7417664""",No Driver Found,"""CID2502556""",Bike,AIIMS,Paharganj,BOOKING_CREATED,2024-03-14 10:45:22,,,,,,,,,
"""CNR9066364""",No Driver Found,"""CID8737089""",Auto,IGNOU Road,Botanical Garden,BOOKING_CREATED,2024-12-22 17:07:56,,,,,,,,,
"""CNR9306152""",No Driver Found,"""CID9461842""",Premier Sedan,Dilshad Garden,Civil Lines Gurgaon,BOOKING_CREATED,2024-11-09 16:11:43,,,,,,,,,
"""CNR5313160""",No Driver Found,"""CID9145519""",Go Mini,Subhash Chowk,Basai Dhankot,BOOKING_CREATED,2024-10-31 23:36:51,,,,,,,,,
"""CNR9784011""",No Driver Found,"""CID5022682""",Go Sedan,Shivaji Park,Bhikaji Cama Place,BOOKING_CREATED,2024-01-16 16:48:56,,,,,,,,,
"""CNR1699886""",No Driver Found,"""CID5132568""",Go Sedan,Old Gurgaon,Noida Film City,BOOKING_CREATED,2024-09-17 18:10:56,,,,,,,,,
"""CNR6237606""",No Driver Found,"""CID5288041""",Go Sedan,Sikanderpur,Vaishali,BOOKING_CREATED,2024-07-13 16:04:21,,,,,,,,,
"""CNR9140671""",No Driver Found,"""CID3961912""",Go Sedan,IFFCO Chowk,Paharganj,BOOKING_CREATED,2024-06-10 06:45:04,,,,,,,,,
"""CNR2660023""",No Driver Found,"""CID8266020""",Auto,Saket,Vasant Kunj,BOOKING_CREATED,2024-09-21 23:03:35,,,,,,,,,
"""CNR5456664""",No Driver Found,"""CID4715517""",Bike,Bhiwadi,Seelampur,BOOKING_CREATED,2024-08-14 18:43:51,,,,,,,,,
"""CNR8247998""",No Driver Found,"""CID2775210""",Go Sedan,Khan Market,Subhash Chowk,BOOKING_CREATED,2024-04-01 17:07:27,,,,,,,,,
"""CNR8307726""",No Driver Found,"""CID5691528""",Premier Sedan,Lajpat Nagar,Udyog Vihar Phase 4,BOOKING_CREATED,2024-05-18 10:57:45,,,,,,,,,
"""CNR9643938""",No Driver Found,"""CID8686033""",eBike,Noida Film City,Noida Extension,BOOKING_CREATED,2024-11-09 10:34:45,,,,,,,,,
"""CNR9794903""",No Driver Found,"""CID4483406""",Go Sedan,Seelampur,Cyber Hub,BOOKING_CREATED,2024-05-30 18:48:18,,,,,,,,,
"""CNR3903771""",No Driver Found,"""CID2090352""",Go Sedan,Preet Vihar,Netaji Subhash Place,BOOKING_CREATED,2024-09-27 18:10:28,,,,,,,,,
"""CNR2377415""",No Driver Found,"""CID4491822""",Bike,Rohini West,Rajiv Chowk,BOOKING_CREATED,2024-12-29 16:26:49,,,,,,,,,
"""CNR7255873""",No Driver Found,"""CID7144242""",Go Sedan,Ardee City,Basai Dhankot,BOOKING_CREATED,2024-12-23 17:28:07,,,,,,,,,
"""CNR9459818""",No Driver Found,"""CID6307222""",Go Sedan,Hauz Khas,Shahdara,BOOKING_CREATED,2024-11-14 11:32:54,,,,,,,,,
"""CNR3011900""",No Driver Found,"""CID3543348""",Auto,Mundka,Indirapuram,BOOKING_CREATED,2024-05-11 19:53:38,,,,,,,,,
"""CNR9935747""",No Driver Found,"""CID6375103""",Go Mini,Pragati Maidan,Gwal Pahari,BOOKING_CREATED,2024-01-08 21:50:27,,,,,,,,,
"""CNR9517668""",No Driver Found,"""CID1867642""",Go Mini,New Colony,Botanical Garden,BOOKING_CREATED,2024-04-05 22:17:20,,,,,,,,,
"""CNR4906527""",No Driver Found,"""CID6052473""",Auto,Pragati Maidan,Satguru Ram Singh Marg,BOOKING_CREATED,2024-07-17 16:20:40,,,,,,,,,
"""CNR5382573""",No Driver Found,"""CID7132603""",eBike,Dwarka Sector 21,Rajiv Chowk,BOOKING_CREATED,2024-02-08 06:25:56,,,,,,,,,
"""CNR8890665""",No Driver Found,"""CID5429192""",Auto,Noida Extension,Okhla,BOOKING_CREATED,2024-03-18 14:53:12,,,,,,,,,
"""CNR4620177""",No Driver Found,"""CID1972533""",Go Sedan,Pragati Maidan,Manesar,BOOKING_CREATED,2024-01-20 10:44:54,,,,,,,,,
"""CNR2333062""",No Driver Found,"""CID7867803""",Go Sedan,Pragati Maidan,IGNOU Road,BOOKING_CREATED,2024-09-25 18:00:38,,,,,,,,,
"""CNR9140074""",No Driver Found,"""CID4645028""",Auto,Seelampur,ITO,BOOKING_CREATED,2024-04-28 09:17:51,,,,,,,,,
"""CNR9400027""",No Driver Found,"""CID4952223""",Uber XL,Old Gurgaon,Shastri Park,BOOKING_CREATED,2024-10-01 20:14:25,,,,,,,,,
"""CNR2887960""",No Driver Found,"""CID8418878""",Uber XL,Samaypur Badli,Nawada,BOOKING_CREATED,2024-06-10 17:40:31,,,,,,,,,
"""CNR3211581""",No Driver Found,"""CID6431116""",Go Sedan,Okhla,Shastri Nagar,BOOKING_CREATED,2024-07-21 08:15:44,,,,,,,,,
"""CNR3771473""",No Driver Found,"""CID7501051""",Go Mini,Indirapuram,Welcome,BOOKING_CREATED,2024-01-10 09:19:21,,,,,,,,,
"""CNR1631524""",No Driver Found,"""CID9477071""",Go Sedan,Sadar Bazar Gurgaon,Faridabad Sector 15,BOOKING_CREATED,2024-07-30 22:54:28,,,,,,,,,
"""CNR8323070""",No Driver Found,"""CID9335765""",Bike,Ashok Vihar,Mundka,BOOKING_CREATED,2024-12-06 12:10:36,,,,,,,,,
"""CNR7153309""",No Driver Found,"""CID8948066""",Go Mini,Mansarovar Park,Saket,BOOKING_CREATED,2024-01-05 16:04:38,,,,,,,,,
"""CNR2009189""",No Driver Found,"""CID6741813""",Bike,Faridabad Sector 15,Ghitorni,BOOKING_CREATED,2024-10-24 22:39:07,,,,,,,,,
"""CNR1662233""",No Driver Found,"""CID1859373""",Bike,Malviya Nagar,Subhash Nagar,BOOKING_CREATED,2024-01-25 13:34:20,,,,,,,,,
"""CNR4381246""",No Driver Found,"""CID3691369""",eBike,Subhash Nagar,Shivaji Park,BOOKING_CREATED,2024-05-12 06:29:10,,,,,,,,,
"""CNR7024605""",No Driver Found,"""CID4006049""",Go Sedan,Basai Dhankot,Bhiwadi,BOOKING_CREATED,2024-12-16 07:31:12,,,,,,,,,
"""CNR4641142""",No Driver Found,"""CID3158671""",Premier Sedan,Ghaziabad,Saidulajab,BOOKING_CREATED,2024-01-09 18:28:06,,,,,,,,,
"""CNR1363917""",No Driver Found,"""CID7018987""",eBike,Shahdara,RK Puram,BOOKING_CREATED,2024-11-09 01:56:24,,,,,,,,,
"""CNR1370763""",No Driver Found,"""CID3460596""",Auto,Faridabad Sector 15,Ardee City,BOOKING_CREATED,2024-08-26 17:36:58,,,,,,,,,
"""CNR6623045""",No Driver Found,"""CID9202066""",Auto,Lajpat Nagar,Panchsheel Park,BOOKING_CREATED,2024-09-02 02:17:47,,,,,,,,,
"""CNR1632782""",No Driver Found,"""CID2967332""",Auto,AIIMS,Preet Vihar,BOOKING_CREATED,2024-07-07 21:13:12,,,,,,,,,
"""CNR1518008""",No Driver Found,"""CID4659358""",Auto,Chhatarpur,Greater Noida,BOOKING_CREATED,2024-07-16 12:22:49,,,,,,,,,
"""CNR7750650""",No Driver Found,"""CID4681551""",Auto,Noida Extension,Satguru Ram Singh Marg,BOOKING_CREATED,2024-08-21 19:27:36,,,,,,,,,
"""CNR3150116""",No Driver Found,"""CID6616144""",Auto,Shahdara,Greater Kailash,BOOKING_CREATED,2024-07-07 10:34:20,,,,,,,,,
"""CNR6633026""",No Driver Found,"""CID7704764""",Go Mini,Pitampura,GTB Nagar,BOOKING_CREATED,2024-07-30 06:26:20,,,,,,,,,
"""CNR4779728""",No Driver Found,"""CID9557780""",Go Sedan,Kashmere Gate ISBT,Pragati Maidan,BOOKING_CREATED,2024-11-05 19:26:40,,,,,,,,,
"""CNR7979297""",No Driver Found,"""CID7031065""",Premier Sedan,Preet Vihar,Kalkaji,BOOKING_CREATED,2024-11-18 21:36:15,,,,,,,,,
"""CNR3905714""",No Driver Found,"""CID8931547""",Auto,Janakpuri,Rajiv Chowk,BOOKING_CREATED,2024-11-22 06:34:46,,,,,,,,,
"""CNR6152848""",No Driver Found,"""CID3821860""",Go Mini,Ghaziabad,Green Park,BOOKING_CREATED,2024-01-09 23:46:48,,,,,,,,,
"""CNR2318755""",No Driver Found,"""CID7837406""",Go Sedan,Kalkaji,Rohini West,BOOKING_CREATED,2024-03-18 17:51:37,,,,,,,,,
"""CNR9105289""",No Driver Found,"""CID5473405""",Go Sedan,Netaji Subhash Place,Seelampur,BOOKING_CREATED,2024-07-21 21:35:52,,,,,,,,,
"""CNR6242669""",No Driver Found,"""CID7730528""",Go Mini,DLF City Court,IMT Manesar,BOOKING_CREATED,2024-07-11 08:06:42,,,,,,,,,
"""CNR7373817""",No Driver Found,"""CID2106539""",Bike,Kalkaji,Noida Film City,BOOKING_CREATED,2024-11-20 17:55:19,,,,,,,,,
"""CNR1185434""",No Driver Found,"""CID5838933""",Uber XL,Hauz Rani,Kherki Daula Toll,BOOKING_CREATED,2024-02-13 20:46:59,,,,,,,,,
"""CNR6298627""",No Driver Found,"""CID7089807""",Auto,Panipat,Ardee City,BOOKING_CREATED,2024-06-12 16:54:08,,,,,,,,,
"""CNR4868449""",No Driver Found,"""CID8654337""",Auto,Paschim Vihar,Cyber Hub,BOOKING_CREATED,2024-05-11 10:45:17,,,,,,,,,
"""CNR8443087""",No Driver Found,"""CID8134339""",eBike,ITO,Kalkaji,BOOKING_CREATED,2024-11-26 17:44:57,,,,,,,,,
"""CNR1745413""",No Driver Found,"""CID5581269""",eBike,Nawada,Aya Nagar,BOOKING_CREATED,2024-03-12 10:22:52,,,,,,,,,
"""CNR9743675""",No Driver Found,"""CID6480970""",Go Mini,Dilshad Garden,Saket,BOOKING_CREATED,2024-12-29 10:25:08,,,,,,,,,
"""CNR2620983""",No Driver Found,"""CID3704528""",Go Mini,Vatika Chowk,DLF City Court,BOOKING_CREATED,2024-10-27 17:53:02,,,,,,,,,
"""CNR2100867""",No Driver Found,"""CID2240424""",Auto,Ardee City,Ghitorni Village,BOOKING_CREATED,2024-01-30 20:58:46,,,,,,,,,
"""CNR7218841""",No Driver Found,"""CID8359905""",Bike,Karol Bagh,Nehru Place,BOOKING_CREATED,2024-02-03 18:22:55,,,,,,,,,
"""CNR1860922""",No Driver Found,"""CID1351997""",Auto,Cyber Hub,Vishwavidyalaya,BOOKING_CREATED,2024-01-17 13:04:00,,,,,,,,,
"""CNR4491148""",No Driver Found,"""CID5115385""",Go Sedan,Malviya Nagar,IFFCO Chowk,BOOKING_CREATED,2024-03-08 17:10:24,,,,,,,,,
"""CNR2482914""",No Driver Found,"""CID6604437""",Bike,Greater Kailash,Mandi House,BOOKING_CREATED,2024-12-29 09:44:48,,,,,,,,,
"""CNR4998742""",No Driver Found,"""CID4145980""",Go Mini,Vatika Chowk,Arjangarh,BOOKING_CREATED,2024-01-20 11:04:38,,,,,,,,,
"""CNR1564217""",No Driver Found,"""CID1952893""",Auto,Pulbangash,Subhash Chowk,BOOKING_CREATED,2024-08-05 05:18:17,,,,,,,,,
"""CNR8089585""",No Driver Found,"""CID7069482""",Uber XL,IFFCO Chowk,Green Park,BOOKING_CREATED,2024-11-25 21:59:06,,,,,,,,,
"""CNR7021396""",No Driver Found,"""CID2828817""",Go Mini,Meerut,Sushant Lok,BOOKING_CREATED,2024-11-28 21:32:10,,,,,,,,,
"""CNR9421427""",No Driver Found,"""CID5023243""",Premier Sedan,Aya Nagar,Noida Sector 18,BOOKING_CREATED,2024-12-16 19:37:27,,,,,,,,,
"""CNR4137441""",No Driver Found,"""CID9831439""",eBike,Kadarpur,Shastri Nagar,BOOKING_CREATED,2024-06-09 07:18:56,,,,,,,,,
"""CNR7938488""",No Driver Found,"""CID4952659""",eBike,Gurgaon Sector 29,Saket,BOOKING_CREATED,2024-05-06 10:47:26,,,,,,,,,
"""CNR3168109""",No Driver Found,"""CID9731883""",Premier Sedan,Huda City Centre,Greater Noida,BOOKING_CREATED,2024-08-18 09:18:13,,,,,,,,,
"""CNR8758412""",No Driver Found,"""CID4544647""",Bike,DLF Phase 3,Kalkaji,BOOKING_CREATED,2024-08-26 16:00:11,,,,,,,,,
"""CNR1266070""",No Driver Found,"""CID7643677""",Auto,Ramesh Nagar,Janakpuri,BOOKING_CREATED,2024-06-06 11:36:31,,,,,,,,,
"""CNR2166834""",No Driver Found,"""CID7638701""",Auto,Moolchand,Vishwavidyalaya,BOOKING_CREATED,2024-01-02 12:44:49,,,,,,,,,
"""CNR3272102""",No Driver Found,"""CID4159465""",Bike,Nirman Vihar,Khandsa,BOOKING_CREATED,2024-10-25 19:42:46,,,,,,,,,
"""CNR7988377""",No Driver Found,"""CID7666652""",Go Sedan,Nirman Vihar,Connaught Place,BOOKING_CREATED,2024-11-29 12:20:11,,,,,,,,,
"""CNR3981936""",No Driver Found,"""CID8533693""",Premier Sedan,Udyog Bhawan,Lajpat Nagar,BOOKING_CREATED,2024-06-30 13:18:00,,,,,,,,,
"""CNR5467305""",No Driver Found,"""CID3145746""",eBike,Bahadurgarh,IGNOU Road,BOOKING_CREATED,2024-08-13 19:28:53,,,,,,,,,
"""CNR5864194""",No Driver Found,"""CID1982059""",Uber XL,Arjangarh,Chanakyapuri,BOOKING_CREATED,2024-11-29 16:50:07,,,,,,,,,
"""CNR1738905""",No Driver Found,"""CID9462661""",Premier Sedan,Bhikaji Cama Place,Pulbangash,BOOKING_CREATED,2024-05-25 07:04:35,,,,,,,,,
"""CNR3963479""",No Driver Found,"""CID9286219""",Go Sedan,Rithala,Golf Course Road,BOOKING_CREATED,2024-01-15 20:59:54,,,,,,,,,
"""CNR6142343""",No Driver Found,"""CID9355770""",Premier Sedan,Botanical Garden,Gurgaon Sector 56,BOOKING_CREATED,2024-11-22 09:59:00,,,,,,,,,
"""CNR9427993""",No Driver Found,"""CID6679975""",Go Mini,Panchsheel Park,Bhiwadi,BOOKING_CREATED,2024-05-10 09:36:57,,,,,,,,,
"""CNR8981765""",No Driver Found,"""CID5368054""",Premier Sedan,Rajouri Garden,DLF Phase 3,BOOKING_CREATED,2024-11-15 08:04:25,,,,,,,,,
"""CNR7360409""",No Driver Found,"""CID4180475""",Go Sedan,Noida Extension,Kaushambi,BOOKING_CREATED,2024-02-05 11:33:33,,,,,,,,,
"""CNR1224242""",No Driver Found,"""CID5800372""",Go Sedan,Vinobapuri,Nehru Place,BOOKING_CREATED,2024-01-30 17:11:34,,,,,,,,,
"""CNR6677926""",No Driver Found,"""CID2323076""",Auto,Rohini West,Hero Honda Chowk,BOOKING_CREATED,2024-09-17 17:41:46,,,,,,,,,
"""CNR6854494""",No Driver Found,"""CID4251998""",Premier Sedan,Gurgaon Railway Station,Pulbangash,BOOKING_CREATED,2024-03-08 10:17:30,,,,,,,,,
"""CNR4201102""",No Driver Found,"""CID4810434""",Auto,Ashram,Preet Vihar,BOOKING_CREATED,2024-08-09 15:06:29,,,,,,,,,
"""CNR9684228""",No Driver Found,"""CID1538043""",Go Mini,Welcome,Gurgaon Sector 29,BOOKING_CREATED,2024-12-09 15:45:50,,,,,,,,,
"""CNR8601630""",No Driver Found,"""CID4606312""",eBike,Subhash Chowk,Panchsheel Park,BOOKING_CREATED,2024-09-28 16:00:25,,,,,,,,,
"""CNR8455831""",No Driver Found,"""CID2915312""",Go Mini,Raj Nagar Extension,Chanakyapuri,BOOKING_CREATED,2024-11-05 16:14:36,,,,,,,,,
"""CNR8724557""",No Driver Found,"""CID3740030""",Go Mini,Rajouri Garden,Sarai Kale Khan,BOOKING_CREATED,2024-03-15 22:23:24,,,,,,,,,
"""CNR3049617""",No Driver Found,"""CID8733856""",Bike,Udyog Vihar,GTB Nagar,BOOKING_CREATED,2024-04-16 18:59:09,,,,,,,,,
"""CNR7225036""",No Driver Found,"""CID8536447""",Auto,Kashmere Gate ISBT,Kherki Daula Toll,BOOKING_CREATED,2024-09-19 16:44:57,,,,,,,,,
"""CNR6218335""",No Driver Found,"""CID2652164""",eBike,Rithala,Karkarduma,BOOKING_CREATED,2024-07-15 20:28:34,,,,,,,,,
"""CNR2624182""",No Driver Found,"""CID9854627""",Bike,Golf Course Road,Satguru Ram Singh Marg,BOOKING_CREATED,2024-11-18 21:30:16,,,,,,,,,
"""CNR3003297""",No Driver Found,"""CID5585344""",Go Mini,Kanhaiya Nagar,Khan Market,BOOKING_CREATED,2024-10-08 17:51:58,,,,,,,,,
"""CNR6962838""",No Driver Found,"""CID7433837""",Bike,Tis Hazari,Central Secretariat,BOOKING_CREATED,2024-08-11 09:02:10,,,,,,,,,
"""CNR5129382""",No Driver Found,"""CID7713676""",Auto,Kaushambi,Pragati Maidan,BOOKING_CREATED,2024-01-25 11:46:40,,,,,,,,,
"""CNR1633554""",No Driver Found,"""CID3424171""",Premier Sedan,Kadarpur,Chhatarpur,BOOKING_CREATED,2024-05-09 13:12:04,,,,,,,,,
"""CNR5998970""",No Driver Found,"""CID5510558""",Go Sedan,Madipur,Udyog Vihar Phase 4,BOOKING_CREATED,2024-07-07 19:01:24,,,,,,,,,
"""CNR7097803""",No Driver Found,"""CID3183552""",Bike,Greater Noida,Saket A Block,BOOKING_CREATED,2024-03-18 18:18:57,,,,,,,,,
"""CNR7888084""",No Driver Found,"""CID6532021""",Go Mini,Nirman Vihar,Keshav Puram,BOOKING_CREATED,2024-02-22 06:28:35,,,,,,,,,
"""CNR2703283""",No Driver Found,"""CID5821822""",Uber XL,Civil Lines Gurgaon,Rajiv Nagar,BOOKING_CREATED,2024-04-10 10:45:29,,,,,,,,,
"""CNR4994075""",No Driver Found,"""CID9063584""",Go Sedan,Shahdara,Adarsh Nagar,BOOKING_CREATED,2024-02-15 19:45:39,,,,,,,,,
"""CNR2179617""",No Driver Found,"""CID5695244""",Auto,Civil Lines Gurgaon,Punjabi Bagh,BOOKING_CREATED,2024-09-24 15:43:20,,,,,,,,,
"""CNR3128130""",No Driver Found,"""CID4893381""",Uber XL,Nehru Place,Subhash Nagar,BOOKING_CREATED,2024-07-31 00:35:14,,,,,,,,,
"""CNR4571424""",No Driver Found,"""CID4571735""",eBike,Pragati Maidan,Barakhamba Road,BOOKING_CREATED,2024-02-28 14:24:08,,,,,,,,,
"""CNR7177447""",No Driver Found,"""CID3683534""",Premier Sedan,Kanhaiya Nagar,IGI Airport,BOOKING_CREATED,2024-07-12 21:41:29,,,,,,,,,
"""CNR9539540""",No Driver Found,"""CID7585827""",Go Sedan,Tughlakabad,Adarsh Nagar,BOOKING_CREATED,2024-10-06 09:03:58,,,,,,,,,
"""CNR4391378""",No Driver Found,"""CID8721058""",eBike,DLF City Court,Old Gurgaon,BOOKING_CREATED,2024-04-08 21:16:56,,,,,,,,,
"""CNR3506870""",No Driver Found,"""CID3179324""",eBike,Badshahpur,Shahdara,BOOKING_CREATED,2024-06-03 20:53:30,,,,,,,,,
"""CNR8121611""",No Driver Found,"""CID3951464""",eBike,Dilshad Garden,AIIMS,BOOKING_CREATED,2024-02-20 08:08:15,,,,,,,,,
"""CNR4122404""",No Driver Found,"""CID1812494""",Go Mini,Meerut,Samaypur Badli,BOOKING_CREATED,2024-12-12 13:17:53,,,,,,,,,
"""CNR5160800""",No Driver Found,"""CID1720936""",Go Mini,Aya Nagar,Arjangarh,BOOKING_CREATED,2024-02-13 12:32:13,,,,,,,,,
"""CNR6529318""",No Driver Found,"""CID6053555""",Go Mini,Bhikaji Cama Place,Sarai Kale Khan,BOOKING_CREATED,2024-06-10 11:58:47,,,,,,,,,
"""CNR6206176""",No Driver Found,"""CID4934049""",Auto,Bahadurgarh,Huda City Centre,BOOKING_CREATED,2024-12-12 22:14:10,,,,,,,,,
"""CNR1864758""",No Driver Found,"""CID5466718""",Auto,Shastri Park,Chirag Delhi,BOOKING_CREATED,2024-07-30 20:47:15,,,,,,,,,
"""CNR4906415""",No Driver Found,"""CID4994770""",Go Mini,Rajiv Nagar,Chhatarpur,BOOKING_CREATED,2024-07-13 19:11:18,,,,,,,,,
"""CNR7328114""",No Driver Found,"""CID9913878""",Go Sedan,Tagore Garden,Chanakyapuri,BOOKING_CREATED,2024-01-13 11:27:51,,,,,,,,,
"""CNR8016618""",No Driver Found,"""CID2235514""",Auto,Patel Chowk,Ghaziabad,BOOKING_CREATED,2024-10-09 11:49:27,,,,,,,,,
"""CNR2166034""",No Driver Found,"""CID4744662""",Go Mini,Gwal Pahari,Kaushambi,BOOKING_CREATED,2024-01-02 13:15:34,,,,,,,,,
"""CNR6900921""",No Driver Found,"""CID3480699""",Auto,Noida Sector 18,Palam Vihar,BOOKING_CREATED,2024-11-26 19:23:13,,,,,,,,,
"""CNR2302288""",No Driver Found,"""CID3003253""",eBike,IMT Manesar,Udyog Vihar Phase 4,BOOKING_CREATED,2024-02-20 21:22:38,,,,,,,,,
"""CNR7983123""",No Driver Found,"""CID7700763""",Go Sedan,Ramesh Nagar,Udyog Bhawan,BOOKING_CREATED,2024-08-23 09:08:59,,,,,,,,,
"""CNR7794192""",No Driver Found,"""CID8630694""",Auto,Hauz Rani,GTB Nagar,BOOKING_CREATED,2024-02-16 14:51:57,,,,,,,,,
"""CNR5182567""",No Driver Found,"""CID6166508""",Bike,Janakpuri,Yamuna Bank,BOOKING_CREATED,2024-06-08 09:41:22,,,,,,,,,
"""CNR1372277""",No Driver Found,"""CID4000939""",Go Mini,Pulbangash,India Gate,BOOKING_CREATED,2024-12-10 19:01:52,,,,,,,,,
"""CNR7802555""",No Driver Found,"""CID5075481""",Auto,Ashram,Connaught Place,BOOKING_CREATED,2024-05-16 10:54:11,,,,,,,,,
"""CNR4174839""",No Driver Found,"""CID5691881""",Go Mini,Pragati Maidan,Basai Dhankot,BOOKING_CREATED,2024-04-24 06:42:07,,,,,,,,,
"""CNR4226984""",No Driver Found,"""CID7256346""",Go Mini,Noida Film City,Vinobapuri,BOOKING_CREATED,2024-12-24 17:51:12,,,,,,,,,
"""CNR8432850""",No Driver Found,"""CID5332291""",Premier Sedan,Old Gurgaon,Yamuna Bank,BOOKING_CREATED,2024-09-05 17:56:08,,,,,,,,,
"""CNR2701763""",No Driver Found,"""CID1601195""",Go Sedan,Panipat,Patel Chowk,BOOKING_CREATED,2024-03-12 21:05:32,,,,,,,,,
"""CNR8433551""",No Driver Found,"""CID8846446""",Bike,Inderlok,Ramesh Nagar,BOOKING_CREATED,2024-01-07 09:59:04,,,,,,,,,
"""CNR5272420""",No Driver Found,"""CID8541242""",Go Mini,Sushant Lok,Tis Hazari,BOOKING_CREATED,2024-08-11 13:57:14,,,,,,,,,
"""CNR3558998""",No Driver Found,"""CID2969417""",Auto,Pulbangash,Pragati Maidan,BOOKING_CREATED,2024-08-02 11:14:46,,,,,,,,,
"""CNR9783283""",No Driver Found,"""CID9896690""",eBike,Gwal Pahari,Sushant Lok,BOOKING_CREATED,2024-03-17 20:41:56,,,,,,,,,
"""CNR2766289""",No Driver Found,"""CID4011641""",Go Sedan,RK Puram,Gurgaon Railway Station,BOOKING_CREATED,2024-06-11 18:16:57,,,,,,,,,
"""CNR7021786""",No Driver Found,"""CID7729413""",Premier Sedan,Shivaji Park,Palam Vihar,BOOKING_CREATED,2024-04-11 20:16:31,,,,,,,,,
"""CNR3355153""",No Driver Found,"""CID2995868""",Auto,IFFCO Chowk,Maidan Garhi,BOOKING_CREATED,2024-12-13 08:09:34,,,,,,,,,
"""CNR2908370""",No Driver Found,"""CID5861781""",Bike,Noida Sector 18,Saket A Block,BOOKING_CREATED,2024-08-09 07:07:23,,,,,,,,,
"""CNR1701060""",No Driver Found,"""CID8242523""",Go Mini,Panipat,Hero Honda Chowk,BOOKING_CREATED,2024-09-07 20:05:56,,,,,,,,,
"""CNR9182630""",No Driver Found,"""CID3369822""",Go Sedan,Vinobapuri,Connaught Place,BOOKING_CREATED,2024-11-02 03:46:37,,,,,,,,,
"""CNR1313582""",No Driver Found,"""CID4674711""",Auto,Panipat,Rajouri Garden,BOOKING_CREATED,2024-06-06 21:47:46,,,,,,,,,
"""CNR5799172""",No Driver Found,"""CID5524678""",Auto,Jama Masjid,Ashok Park Main,BOOKING_CREATED,2024-11-12 17:03:54,,,,,,,,,
"""CNR2284421""",No Driver Found,"""CID4129610""",Auto,Indraprastha,Ghitorni,BOOKING_CREATED,2024-08-27 18:44:09,,,,,,,,,
"""CNR9969269""",No Driver Found,"""CID7392449""",Go Sedan,Mundka,Dwarka Mor,BOOKING_CREATED,2024-04-16 10:06:33,,,,,,,,,
"""CNR2113848""",No Driver Found,"""CID6575076""",Go Mini,Vasant Kunj,India Gate,BOOKING_CREATED,2024-06-25 19:35:24,,,,,,,,,
"""CNR9967958""",No Driver Found,"""CID2342387""",Premier Sedan,Tughlakabad,Uttam Nagar,BOOKING_CREATED,2024-01-27 14:54:07,,,,,,,,,
"""CNR4811477""",No Driver Found,"""CID9056796""",Go Mini,Uttam Nagar,Dilshad Garden,BOOKING_CREATED,2024-02-19 11:44:56,,,,,,,,,
"""CNR4343876""",No Driver Found,"""CID2116755""",Go Mini,Kashmere Gate,Tagore Garden,BOOKING_CREATED,2024-10-05 02:58:01,,,,,,,,,
"""CNR4051391""",No Driver Found,"""CID3124033""",Go Sedan,RK Puram,DLF Phase 3,BOOKING_CREATED,2024-01-02 13:52:03,,,,,,,,,
"""CNR6939731""",No Driver Found,"""CID3634344""",Auto,Rohini East,Pataudi Chowk,BOOKING_CREATED,2024-09-23 11:31:37,,,,,,,,,
"""CNR3772399""",No Driver Found,"""CID2751320""",Go Sedan,Panipat,Sikanderpur,BOOKING_CREATED,2024-09-05 12:00:38,,,,,,,,,
"""CNR7527807""",No Driver Found,"""CID5241237""",Premier Sedan,Chandni Chowk,Patel Chowk,BOOKING_CREATED,2024-09-10 16:29:25,,,,,,,,,
"""CNR6394586""",No Driver Found,"""CID4299691""",Premier Sedan,Shastri Nagar,Inderlok,BOOKING_CREATED,2024-03-26 01:46:17,,,,,,,,,
"""CNR2998290""",No Driver Found,"""CID1482877""",Bike,Rohini,Ardee City,BOOKING_CREATED,2024-01-14 20:34:32,,,,,,,,,
"""CNR7815597""",No Driver Found,"""CID6534070""",Go Mini,Paharganj,Khan Market,BOOKING_CREATED,2024-02-16 09:59:47,,,,,,,,,
"""CNR6174467""",No Driver Found,"""CID8066847""",Bike,Pitampura,Kanhaiya Nagar,BOOKING_CREATED,2024-02-19 18:38:47,,,,,,,,,
"""CNR9585607""",No Driver Found,"""CID3814971""",Premier Sedan,Panchsheel Park,Govindpuri,BOOKING_CREATED,2024-10-20 21:01:20,,,,,,,,,
"""CNR3892551""",No Driver Found,"""CID1512513""",Go Sedan,Paharganj,Shivaji Park,BOOKING_CREATED,2024-11-12 08:51:28,,,,,,,,,
"""CNR9304234""",No Driver Found,"""CID7666583""",Premier Sedan,Qutub Minar,MG Road,BOOKING_CREATED,2024-11-19 16:37:13,,,,,,,,,
"""CNR4880466""",No Driver Found,"""CID6400722""",Auto,Dilshad Garden,Gurgaon Sector 29,BOOKING_CREATED,2024-02-25 11:28:10,,,,,,,,,
"""CNR9167811""",No Driver Found,"""CID2617570""",Bike,Shahdara,Sonipat,BOOKING_CREATED,2024-03-03 20:46:03,,,,,,,,,
"""CNR6002329""",No Driver Found,"""CID9956135""",Auto,Greater Noida,Tagore Garden,BOOKING_CREATED,2024-07-22 19:26:49,,,,,,,,,
"""CNR7041796""",No Driver Found,"""CID6385094""",Bike,Faridabad Sector 15,Basai Dhankot,BOOKING_CREATED,2024-10-30 12:45:21,,,,,,,,,
"""CNR4406332""",No Driver Found,"""CID9657914""",Auto,IIT Delhi,Anand Vihar,BOOKING_CREATED,2024-09-09 07:26:58,,,,,,,,,
"""CNR8328693""",No Driver Found,"""CID4997569""",Go Mini,Keshav Puram,Sohna Road,BOOKING_CREATED,2024-04-15 10:37:35,,,,,,,,,
"""CNR7154246""",No Driver Found,"""CID8893094""",Auto,Pulbangash,Moolchand,BOOKING_CREATED,2024-08-02 22:57:44,,,,,,,,,
"""CNR2774503""",No Driver Found,"""CID6569513""",Go Sedan,Karol Bagh,Yamuna Bank,BOOKING_CREATED,2024-09-24 14:46:06,,,,,,,,,
"""CNR5538461""",No Driver Found,"""CID3622556""",Bike,Ashok Park Main,Vinobapuri,BOOKING_CREATED,2024-08-04 18:58:33,,,,,,,,,
"""CNR7232373""",No Driver Found,"""CID7112219""",Go Mini,New Colony,Hauz Rani,BOOKING_CREATED,2024-08-06 17:04:53,,,,,,,,,
"""CNR1130545""",No Driver Found,"""CID5952764""",Go Sedan,Munirka,Bahadurgarh,BOOKING_CREATED,2024-04-27 16:24:44,,,,,,,,,
"""CNR7440394""",No Driver Found,"""CID9600716""",Go Mini,Old Gurgaon,Lajpat Nagar,BOOKING_CREATED,2024-02-07 21:37:01,,,,,,,,,
"""CNR9555831""",No Driver Found,"""CID6043887""",Go Sedan,Sarai Kale Khan,Patel Chowk,BOOKING_CREATED,2024-03-09 17:58:37,,,,,,,,,
"""CNR8767784""",No Driver Found,"""CID9604822""",Go Mini,Ashok Park Main,Gurgaon Railway Station,BOOKING_CREATED,2024-10-05 14:58:31,,,,,,,,,
"""CNR1085731""",No Driver Found,"""CID1430225""",Auto,Huda City Centre,Noida Sector 18,BOOKING_CREATED,2024-01-17 15:13:54,,,,,,,,,
"""CNR4814562""",No Driver Found,"""CID1791541""",Go Mini,Noida Sector 62,Connaught Place,BOOKING_CREATED,2024-01-19 16:40:52,,,,,,,,,
"""CNR4059767""",No Driver Found,"""CID5242912""",Auto,Rajouri Garden,Golf Course Road,BOOKING_CREATED,2024-08-26 12:45:22,,,,,,,,,
"""CNR5940767""",No Driver Found,"""CID4538735""",Go Mini,Seelampur,Cyber Hub,BOOKING_CREATED,2024-09-26 05:06:48,,,,,,,,,
"""CNR2378254""",No Driver Found,"""CID4189937""",Go Mini,Basai Dhankot,Adarsh Nagar,BOOKING_CREATED,2024-07-01 13:06:16,,,,,,,,,
"""CNR7124143""",No Driver Found,"""CID8080296""",Go Mini,Govindpuri,Tughlakabad,BOOKING_CREATED,2024-04-08 08:11:41,,,,,,,,,
"""CNR8282171""",No Driver Found,"""CID6888161""",Go Mini,Panipat,Nirman Vihar,BOOKING_CREATED,2024-03-08 03:58:52,,,,,,,,,
"""CNR6102533""",No Driver Found,"""CID5347334""",Bike,Chirag Delhi,Paharganj,BOOKING_CREATED,2024-11-30 19:53:15,,,,,,,,,
"""CNR3629395""",No Driver Found,"""CID7932106""",Auto,Rohini,IFFCO Chowk,BOOKING_CREATED,2024-02-02 14:29:58,,,,,,,,,
"""CNR5551785""",No Driver Found,"""CID4921934""",Go Mini,Mandi House,Rajiv Chowk,BOOKING_CREATED,2024-01-08 08:28:18,,,,,,,,,
"""CNR8268324""",No Driver Found,"""CID2406019""",Bike,Nirman Vihar,Rohini East,BOOKING_CREATED,2024-04-01 20:53:28,,,,,,,,,
"""CNR9387697""",No Driver Found,"""CID2626840""",eBike,Bhiwadi,Sadar Bazar Gurgaon,BOOKING_CREATED,2024-05-08 09:33:32,,,,,,,,,
"""CNR5315874""",No Driver Found,"""CID9190108""",Bike,Manesar,Kalkaji,BOOKING_CREATED,2024-10-26 22:59:00,,,,,,,,,
"""CNR6735892""",No Driver Found,"""CID1823037""",Auto,New Colony,Udyog Bhawan,BOOKING_CREATED,2024-02-12 20:40:51,,,,,,,,,
"""CNR6886951""",No Driver Found,"""CID9698125""",Go Mini,Udyog Vihar,Arjangarh,BOOKING_CREATED,2024-02-15 02:52:20,,,,,,,,,
"""CNR5555941""",No Driver Found,"""CID6771238""",Go Mini,Munirka,Sohna Road,BOOKING_CREATED,2024-04-25 20:18:24,,,,,,,,,
"""CNR3073443""",No Driver Found,"""CID5640353""",Auto,Gwal Pahari,Bhiwadi,BOOKING_CREATED,2024-08-25 18:51:14,,,,,,,,,
"""CNR7360630""",No Driver Found,"""CID6239338""",Premier Sedan,Chandni Chowk,ITO,BOOKING_CREATED,2024-11-27 14:43:08,,,,,,,,,
"""CNR2779290""",No Driver Found,"""CID8382773""",Go Mini,Uttam Nagar,Vishwavidyalaya,BOOKING_CREATED,2024-10-21 15:59:05,,,,,,,,,
"""CNR8723675""",No Driver Found,"""CID8056243""",Premier Sedan,Palam Vihar,Vinobapuri,BOOKING_CREATED,2024-03-30 21:36:17,,,,,,,,,
"""CNR1163973""",No Driver Found,"""CID1611239""",Premier Sedan,Indirapuram,Rajiv Nagar,BOOKING_CREATED,2024-07-29 12:33:40,,,,,,,,,
"""CNR4102546""",No Driver Found,"""CID2472631""",Go Sedan,Udyog Vihar Phase 4,Kadarpur,BOOKING_CREATED,2024-02-20 07:04:48,,,,,,,,,
"""CNR2455939""",No Driver Found,"""CID2322483""",Bike,DLF Phase 3,Peeragarhi,BOOKING_CREATED,2024-12-17 13:10:33,,,,,,,,,
"""CNR3445938""",No Driver Found,"""CID1900737""",Go Mini,Keshav Puram,Bhikaji Cama Place,BOOKING_CREATED,2024-06-20 10:28:00,,,,,,,,,
"""CNR3308422""",No Driver Found,"""CID7662686""",Go Mini,Paharganj,Connaught Place,BOOKING_CREATED,2024-04-12 05:08:48,,,,,,,,,
"""CNR7346002""",No Driver Found,"""CID8389670""",Go Sedan,Shastri Park,Golf Course Road,BOOKING_CREATED,2024-01-22 19:57:38,,,,,,,,,
"""CNR4010549""",No Driver Found,"""CID5899178""",Bike,Paschim Vihar,Gwal Pahari,BOOKING_CREATED,2024-05-18 14:30:49,,,,,,,,,
"""CNR6547175""",No Driver Found,"""CID7506693""",Bike,Dwarka Mor,MG Road,BOOKING_CREATED,2024-05-21 13:26:13,,,,,,,,,
"""CNR2907874""",No Driver Found,"""CID6083090""",Auto,Vidhan Sabha,Gurgaon Sector 29,BOOKING_CREATED,2024-06-30 21:00:41,,,,,,,,,
"""CNR4337626""",No Driver Found,"""CID2491920""",Go Sedan,Hauz Rani,Nawada,BOOKING_CREATED,2024-06-14 13:54:42,,,,,,,,,
"""CNR6702912""",No Driver Found,"""CID7137418""",Auto,Noida Film City,Jhilmil,BOOKING_CREATED,2024-06-08 10:18:36,,,,,,,,,
"""CNR8532482""",No Driver Found,"""CID7867316""",Auto,Kalkaji,Sonipat,BOOKING_CREATED,2024-04-24 07:59:54,,,,,,,,,
"""CNR3039154""",No Driver Found,"""CID4056491""",Auto,IGNOU Road,Shahdara,BOOKING_CREATED,2024-08-08 20:10:03,,,,,,,,,
"""CNR1592042""",No Driver Found,"""CID7169924""",Auto,Seelampur,Noida Extension,BOOKING_CREATED,2024-12-26 16:20:13,,,,,,,,,
"""CNR9996069""",No Driver Found,"""CID6001462""",Auto,Pitampura,Preet Vihar,BOOKING_CREATED,2024-03-26 12:40:45,,,,,,,,,
"""CNR5732818""",No Driver Found,"""CID5639434""",Bike,Moolchand,IMT Manesar,BOOKING_CREATED,2024-11-03 19:42:09,,,,,,,,,
"""CNR7318633""",No Driver Found,"""CID8829486""",Bike,Ghaziabad,Badshahpur,BOOKING_CREATED,2024-03-13 17:46:59,,,,,,,,,
"""CNR7664451""",No Driver Found,"""CID5787090""",Go Sedan,Gurgaon Sector 56,Netaji Subhash Place,BOOKING_CREATED,2024-02-07 09:09:00,,,,,,,,,
"""CNR6250195""",No Driver Found,"""CID7695478""",Go Sedan,Noida Sector 62,Rohini East,BOOKING_CREATED,2024-12-28 21:16:00,,,,,,,,,
"""CNR5887015""",No Driver Found,"""CID6777686""",Auto,Vatika Chowk,Ramesh Nagar,BOOKING_CREATED,2024-03-14 22:18:30,,,,,,,,,
"""CNR3933826""",No Driver Found,"""CID4014417""",Auto,Badarpur,Adarsh Nagar,BOOKING_CREATED,2024-02-09 15:33:24,,,,,,,,,
"""CNR5525272""",No Driver Found,"""CID1389119""",Bike,Chanakyapuri,Mayur Vihar,BOOKING_CREATED,2024-05-14 18:03:35,,,,,,,,,
"""CNR3603486""",No Driver Found,"""CID3901300""",Premier Sedan,Moolchand,IFFCO Chowk,BOOKING_CREATED,2024-02-12 20:10:03,,,,,,,,,
"""CNR6699518""",No Driver Found,"""CID3036922""",Bike,Noida Sector 18,Udyog Vihar,BOOKING_CREATED,2024-11-06 16:05:25,,,,,,,,,
"""CNR3297384""",No Driver Found,"""CID7067164""",Premier Sedan,Maidan Garhi,Sadar Bazar Gurgaon,BOOKING_CREATED,2024-07-02 21:52:55,,,,,,,,,
"""CNR2128662""",No Driver Found,"""CID2132130""",Bike,Tagore Garden,Jama Masjid,BOOKING_CREATED,2024-06-12 14:45:06,,,,,,,,,
"""CNR9193547""",No Driver Found,"""CID8877725""",eBike,Bahadurgarh,Ambience Mall,BOOKING_CREATED,2024-09-27 06:55:57,,,,,,,,,
"""CNR7399729""",No Driver Found,"""CID7348931""",Auto,Subhash Nagar,Rajiv Nagar,BOOKING_CREATED,2024-12-12 12:01:03,,,,,,,,,
"""CNR1110362""",No Driver Found,"""CID6406421""",Auto,Saidulajab,Pataudi Chowk,BOOKING_CREATED,2024-10-28 16:57:11,,,,,,,,,
"""CNR6511272""",No Driver Found,"""CID4411278""",Auto,Nirman Vihar,Jhilmil,BOOKING_CREATED,2024-02-05 14:11:48,,,,,,,,,
"""CNR9865883""",No Driver Found,"""CID1935232""",Auto,India Gate,DLF Phase 3,BOOKING_CREATED,2024-08-24 19:47:46,,,,,,,,,
"""CNR7759230""",No Driver Found,"""CID7489006""",Premier Sedan,Kashmere Gate ISBT,Panipat,BOOKING_CREATED,2024-01-02 13:24:52,,,,,,,,,
"""CNR2569087""",No Driver Found,"""CID9701908""",Go Sedan,Gurgaon Sector 56,Rithala,BOOKING_CREATED,2024-02-26 15:25:54,,,,,,,,,
"""CNR6583688""",No Driver Found,"""CID3353274""",Go Mini,Subhash Chowk,Anand Vihar,BOOKING_CREATED,2024-12-17 13:18:59,,,,,,,,,
"""CNR9749273""",No Driver Found,"""CID6733025""",Go Mini,Preet Vihar,Satguru Ram Singh Marg,BOOKING_CREATED,2024-06-22 23:54:18,,,,,,,,,
"""CNR5619347""",No Driver Found,"""CID1435997""",Go Sedan,Bhikaji Cama Place,Adarsh Nagar,BOOKING_CREATED,2024-07-29 19:14:08,,,,,,,,,
"""CNR4135502""",No Driver Found,"""CID3916371""",Go Sedan,Tughlakabad,Kanhaiya Nagar,BOOKING_CREATED,2024-12-30 18:55:49,,,,,,,,,
"""CNR8869730""",No Driver Found,"""CID4541132""",Go Sedan,Vaishali,Kanhaiya Nagar,BOOKING_CREATED,2024-01-29 18:26:20,,,,,,,,,
"""CNR8035328""",No Driver Found,"""CID7295283""",Bike,Hauz Rani,Ghaziabad,BOOKING_CREATED,2024-12-28 04:38:57,,,,,,,,,
"""CNR1763130""",No Driver Found,"""CID2661088""",Bike,Vidhan Sabha,Civil Lines Gurgaon,BOOKING_CREATED,2024-08-07 12:14:10,,,,,,,,,
"""CNR6773070""",No Driver Found,"""CID1450732""",Go Sedan,IMT Manesar,Vishwavidyalaya,BOOKING_CREATED,2024-09-05 09:27:11,,,,,,,,,
"""CNR9596706""",No Driver Found,"""CID4807343""",Auto,Central Secretariat,Karol Bagh,BOOKING_CREATED,2024-02-22 16:45:01,,,,,,,,,
"""CNR7677975""",No Driver Found,"""CID4501096""",Auto,Ashram,Sohna Road,BOOKING_CREATED,2024-08-21 10:25:55,,,,,,,,,
"""CNR9974227""",No Driver Found,"""CID7457140""",Go Mini,Satguru Ram Singh Marg,GTB Nagar,BOOKING_CREATED,2024-01-16 13:14:35,,,,,,,,,
"""CNR7519096""",No Driver Found,"""CID3559169""",Bike,Paschim Vihar,Kadarpur,BOOKING_CREATED,2024-01-29 07:30:57,,,,,,,,,
"""CNR5717825""",No Driver Found,"""CID6844641""",Go Mini,Rajiv Nagar,Malviya Nagar,BOOKING_CREATED,2024-05-01 19:55:19,,,,,,,,,
"""CNR8661376""",No Driver Found,"""CID1436805""",Go Mini,Noida Sector 18,Preet Vihar,BOOKING_CREATED,2024-10-25 19:19:16,,,,,,,,,
"""CNR7771620""",No Driver Found,"""CID5792517""",Bike,Khandsa,Tilak Nagar,BOOKING_CREATED,2024-02-19 17:24:20,,,,,,,,,
"""CNR7906447""",No Driver Found,"""CID7815130""",Go Sedan,Huda City Centre,Saket,BOOKING_CREATED,2024-09-21 20:02:58,,,,,,,,,
"""CNR9102124""",No Driver Found,"""CID4690578""",Auto,Anand Vihar ISBT,Adarsh Nagar,BOOKING_CREATED,2024-12-30 08:31:49,,,,,,,,,
"""CNR5945227""",No Driver Found,"""CID4237536""",Auto,Keshav Puram,IMT Manesar,BOOKING_CREATED,2024-08-05 10:59:26,,,,,,,,,
"""CNR7826819""",No Driver Found,"""CID7688187""",Auto,Seelampur,Jhilmil,BOOKING_CREATED,2024-03-10 23:13:18,,,,,,,,,
"""CNR4851678""",No Driver Found,"""CID6726423""",Go Mini,Sultanpur,Subhash Chowk,BOOKING_CREATED,2024-03-25 09:39:27,,,,,,,,,
"""CNR9298352""",No Driver Found,"""CID1250686""",Auto,Hauz Khas,DLF Phase 3,BOOKING_CREATED,2024-07-27 08:37:15,,,,,,,,,
"""CNR2872335""",No Driver Found,"""CID4216616""",Uber XL,Mandi House,Tagore Garden,BOOKING_CREATED,2024-11-06 18:02:02,,,,,,,,,
"""CNR7217301""",No Driver Found,"""CID8735969""",Premier Sedan,Mayur Vihar,Gurgaon Sector 56,BOOKING_CREATED,2024-01-10 00:18:26,,,,,,,,,
"""CNR1168920""",No Driver Found,"""CID6346495""",Go Sedan,Jasola,Vatika Chowk,BOOKING_CREATED,2024-12-11 22:50:26,,,,,,,,,
"""CNR2169884""",No Driver Found,"""CID6400385""",Go Mini,Rohini West,Adarsh Nagar,BOOKING_CREATED,2024-01-04 07:09:46,,,,,,,,,
"""CNR5918516""",No Driver Found,"""CID8123930""",Go Sedan,New Delhi Railway Station,Lal Quila,BOOKING_CREATED,2024-09-20 19:38:45,,,,,,,,,
"""CNR4490107""",No Driver Found,"""CID7854857""",Go Sedan,Golf Course Road,Vasant Kunj,BOOKING_CREATED,2024-07-22 20:51:32,,,,,,,,,
"""CNR6071158""",No Driver Found,"""CID9960246""",Go Mini,Dwarka Mor,Ghaziabad,BOOKING_CREATED,2024-04-13 21:00:09,,,,,,,,,
"""CNR4547030""",No Driver Found,"""CID8472715""",Auto,Pataudi Chowk,Basai Dhankot,BOOKING_CREATED,2024-07-24 16:31:42,,,,,,,,,
"""CNR1303156""",No Driver Found,"""CID6596968""",Auto,DLF Phase 3,Chhatarpur,BOOKING_CREATED,2024-08-01 17:35:19,,,,,,,,,
"""CNR9960273""",No Driver Found,"""CID4779973""",Auto,Aya Nagar,Ardee City,BOOKING_CREATED,2024-01-12 09:39:00,,,,,,,,,
"""CNR9321871""",No Driver Found,"""CID7303874""",Go Sedan,Saidulajab,Sarai Kale Khan,BOOKING_CREATED,2024-11-15 16:41:27,,,,,,,,,
"""CNR1059910""",No Driver Found,"""CID3479527""",Go Mini,Aya Nagar,Greater Kailash,BOOKING_CREATED,2024-04-15 19:27:34,,,,,,,,,
"""CNR8935630""",No Driver Found,"""CID7877842""",Auto,Ghitorni,Panipat,BOOKING_CREATED,2024-07-08 01:51:16,,,,,,,,,
"""CNR6957541""",No Driver Found,"""CID7875513""",Go Sedan,Bhikaji Cama Place,Rohini West,BOOKING_CREATED,2024-01-20 04:42:24,,,,,,,,,
"""CNR7315017""",No Driver Found,"""CID7957319""",Bike,Keshav Puram,Rajiv Chowk,BOOKING_CREATED,2024-04-08 16:00:36,,,,,,,,,
"""CNR1095867""",No Driver Found,"""CID1563639""",Auto,IIT Delhi,Chhatarpur,BOOKING_CREATED,2024-11-05 06:43:42,,,,,,,,,
"""CNR9845317""",No Driver Found,"""CID6249286""",Premier Sedan,Khan Market,Seelampur,BOOKING_CREATED,2024-01-31 17:25:38,,,,,,,,,
"""CNR8702259""",No Driver Found,"""CID8637267""",Uber XL,Nehru Place,Vatika Chowk,BOOKING_CREATED,2024-06-12 17:21:36,,,,,,,,,
"""CNR4342845""",No Driver Found,"""CID7057804""",Bike,Basai Dhankot,Gurgaon Sector 56,BOOKING_CREATED,2024-11-05 14:32:27,,,,,,,,,
"""CNR7414304""",No Driver Found,"""CID8297058""",Auto,Pitampura,Rohini West,BOOKING_CREATED,2024-09-21 06:06:49,,,,,,,,,
"""CNR1952019""",No Driver Found,"""CID8822734""",Go Sedan,Rajouri Garden,Palam Vihar,BOOKING_CREATED,2024-02-25 15:23:16,,,,,,,,,
"""CNR3575135""",No Driver Found,"""CID1315701""",Premier Sedan,Kalkaji,MG Road,BOOKING_CREATED,2024-09-13 14:06:12,,,,,,,,,
"""CNR8121509""",No Driver Found,"""CID9199615""",Auto,Vaishali,Jahangirpuri,BOOKING_CREATED,2024-11-11 09:18:54,,,,,,,,,
"""CNR6491601""",No Driver Found,"""CID7702235""",Go Mini,Indraprastha,New Delhi Railway Station,BOOKING_CREATED,2024-07-14 09:31:09,,,,,,,,,
"""CNR5989600""",No Driver Found,"""CID5134844""",Go Mini,Akshardham,Ramesh Nagar,BOOKING_CREATED,2024-11-29 05:47:27,,,,,,,,,
"""CNR3996485""",No Driver Found,"""CID9986624""",Go Mini,Panipat,Meerut,BOOKING_CREATED,2024-08-04 03:54:05,,,,,,,,,
"""CNR4966866""",No Driver Found,"""CID2797709""",Go Sedan,Kalkaji,Nirman Vihar,BOOKING_CREATED,2024-09-14 21:30:13,,,,,,,,,
"""CNR8089975""",No Driver Found,"""CID5867098""",Go Sedan,Rajiv Chowk,Jama Masjid,BOOKING_CREATED,2024-10-14 05:39:13,,,,,,,,,
"""CNR9826281""",No Driver Found,"""CID2886752""",Go Sedan,Noida Sector 18,Tilak Nagar,BOOKING_CREATED,2024-02-21 20:33:54,,,,,,,,,
"""CNR5228561""",No Driver Found,"""CID8083087""",Bike,Ambience Mall,Chirag Delhi,BOOKING_CREATED,2024-02-23 16:10:04,,,,,,,,,
"""CNR4285344""",No Driver Found,"""CID6542858""",Premier Sedan,Rohini East,Welcome,BOOKING_CREATED,2024-01-14 05:53:10,,,,,,,,,
"""CNR8538038""",No Driver Found,"""CID6111848""",Go Sedan,Shastri Park,Chhatarpur,BOOKING_CREATED,2024-10-25 15:03:17,,,,,,,,,
"""CNR8822323""",No Driver Found,"""CID3574126""",Go Sedan,Lok Kalyan Marg,Noida Sector 62,BOOKING_CREATED,2024-03-03 22:20:54,,,,,,,,,
"""CNR9932057""",No Driver Found,"""CID7619154""",eBike,Vatika Chowk,Subhash Nagar,BOOKING_CREATED,2024-01-16 07:12:34,,,,,,,,,
"""CNR4903713""",No Driver Found,"""CID2647638""",Uber XL,Indraprastha,Seelampur,BOOKING_CREATED,2024-03-18 04:11:16,,,,,,,,,
"""CNR1110120""",No Driver Found,"""CID2576617""",Go Sedan,Govindpuri,Preet Vihar,BOOKING_CREATED,2024-06-14 12:43:10,,,,,,,,,
"""CNR8127214""",No Driver Found,"""CID2212974""",Go Sedan,Seelampur,Shastri Park,BOOKING_CREATED,2024-02-07 22:52:24,,,,,,,,,
"""CNR5779446""",No Driver Found,"""CID2422026""",Auto,Moolchand,Subhash Chowk,BOOKING_CREATED,2024-05-07 12:01:51,,,,,,,,,
"""CNR1570209""",No Driver Found,"""CID2650174""",Auto,Moti Nagar,Mandi House,BOOKING_CREATED,2024-05-13 11:29:02,,,,,,,,,
"""CNR9492081""",No Driver Found,"""CID7714294""",Go Sedan,Preet Vihar,Uttam Nagar,BOOKING_CREATED,2024-11-03 09:48:23,,,,,,,,,
"""CNR1114512""",No Driver Found,"""CID1662956""",Auto,Chirag Delhi,Ramesh Nagar,BOOKING_CREATED,2024-01-14 20:11:31,,,,,,,,,
"""CNR8190840""",No Driver Found,"""CID6593769""",Auto,Jhilmil,IFFCO Chowk,BOOKING_CREATED,2024-09-28 18:18:53,,,,,,,,,
"""CNR3987612""",No Driver Found,"""CID7839860""",Bike,Delhi Gate,Faridabad Sector 15,BOOKING_CREATED,2024-08-25 08:38:34,,,,,,,,,
"""CNR5823228""",No Driver Found,"""CID4427688""",Go Mini,Botanical Garden,Bahadurgarh,BOOKING_CREATED,2024-10-04 17:17:49,,,,,,,,,
"""CNR6471955""",No Driver Found,"""CID5393095""",Bike,Gwal Pahari,Udyog Vihar,BOOKING_CREATED,2024-08-29 09:37:57,,,,,,,,,
"""CNR4447204""",No Driver Found,"""CID3363597""",Bike,GTB Nagar,Arjangarh,BOOKING_CREATED,2024-05-16 14:41:34,,,,,,,,,
"""CNR4625965""",No Driver Found,"""CID5926940""",Go Sedan,Jahangirpuri,Sultanpur,BOOKING_CREATED,2024-06-15 11:27:30,,,,,,,,,
"""CNR8930493""",No Driver Found,"""CID9423011""",Auto,Kashmere Gate ISBT,AIIMS,BOOKING_CREATED,2024-10-22 10:06:18,,,,,,,,,
"""CNR5623817""",No Driver Found,"""CID8845427""",Go Sedan,Vinobapuri,DLF City Court,BOOKING_CREATED,2024-09-01 10:31:12,,,,,,,,,
"""CNR8362340""",No Driver Found,"""CID2152827""",Premier Sedan,Satguru Ram Singh Marg,Pulbangash,BOOKING_CREATED,2024-04-27 22:28:08,,,,,,,,,
"""CNR4754585""",No Driver Found,"""CID7743399""",Go Mini,Chanakyapuri,Karol Bagh,BOOKING_CREATED,2024-09-26 12:30:12,,,,,,,,,
"""CNR2360638""",No Driver Found,"""CID1027084""",eBike,Shastri Park,Bhikaji Cama Place,BOOKING_CREATED,2024-01-11 16:34:25,,,,,,,,,
"""CNR4326301""",No Driver Found,"""CID8335912""",Bike,Malviya Nagar,Badarpur,BOOKING_CREATED,2024-09-30 17:47:28,,,,,,,,,
"""CNR9934722""",No Driver Found,"""CID7214345""",Auto,Badarpur,IGI Airport,BOOKING_CREATED,2024-04-10 10:05:58,,,,,,,,,
"""CNR5709353""",No Driver Found,"""CID4941500""",Uber XL,Chhatarpur,RK Puram,BOOKING_CREATED,2024-11-02 06:43:37,,,,,,,,,
"""CNR9977068""",No Driver Found,"""CID6411521""",Auto,Gurgaon Sector 29,Sikanderpur,BOOKING_CREATED,2024-08-29 21:07:38,,,,,,,,,
"""CNR4745728""",No Driver Found,"""CID6961897""",Bike,Golf Course Road,Laxmi Nagar,BOOKING_CREATED,2024-04-23 21:29:26,,,,,,,,,
"""CNR6152909""",No Driver Found,"""CID7257315""",eBike,Sushant Lok,MG Road,BOOKING_CREATED,2024-08-27 10:10:40,,,,,,,,,
"""CNR6066698""",No Driver Found,"""CID6884916""",Auto,DLF Phase 3,Peeragarhi,BOOKING_CREATED,2024-10-24 20:08:36,,,,,,,,,
"""CNR5286926""",No Driver Found,"""CID3925027""",Uber XL,Ashram,IIT Delhi,BOOKING_CREATED,2024-08-06 16:38:12,,,,,,,,,
"""CNR6301921""",No Driver Found,"""CID9805339""",Bike,Jasola,Ashok Park Main,BOOKING_CREATED,2024-12-13 11:44:50,,,,,,,,,
"""CNR5992421""",No Driver Found,"""CID7098643""",Auto,Paharganj,Cyber Hub,BOOKING_CREATED,2024-09-07 01:04:04,,,,,,,,,
"""CNR6847720""",No Driver Found,"""CID9711561""",Go Sedan,Govindpuri,Karol Bagh,BOOKING_CREATED,2024-07-16 11:26:25,,,,,,,,,
"""CNR5124055""",No Driver Found,"""CID4032919""",Go Mini,Vidhan Sabha,Sadar Bazar Gurgaon,BOOKING_CREATED,2024-12-24 21:11:44,,,,,,,,,
"""CNR7796758""",No Driver Found,"""CID9634403""",eBike,Chhatarpur,IFFCO Chowk,BOOKING_CREATED,2024-10-04 19:44:21,,,,,,,,,
"""CNR7927869""",No Driver Found,"""CID7866816""",eBike,Ashok Vihar,Huda City Centre,BOOKING_CREATED,2024-03-15 09:06:57,,,,,,,,,
"""CNR8770765""",No Driver Found,"""CID2790583""",Auto,Keshav Puram,Vidhan Sabha,BOOKING_CREATED,2024-05-01 08:33:49,,,,,,,,,
"""CNR6983431""",No Driver Found,"""CID4804786""",Auto,Khandsa,Meerut,BOOKING_CREATED,2024-10-16 12:34:06,,,,,,,,,
"""CNR4401349""",No Driver Found,"""CID4060555""",Go Mini,Meerut,Ramesh Nagar,BOOKING_CREATED,2024-07-26 19:23:46,,,,,,,,,
"""CNR1161481""",No Driver Found,"""CID3851998""",Bike,Nehru Place,Ghaziabad,BOOKING_CREATED,2024-08-16 04:15:09,,,,,,,,,
"""CNR1169838""",No Driver Found,"""CID2032588""",Go Sedan,Sultanpur,Saket,BOOKING_CREATED,2024-08-16 05:38:29,,,,,,,,,
"""CNR9606410""",No Driver Found,"""CID6323786""",Go Mini,Bahadurgarh,Chirag Delhi,BOOKING_CREATED,2024-10-26 10:31:32,,,,,,,,,
"""CNR3276594""",No Driver Found,"""CID2302226""",Go Mini,Civil Lines Gurgaon,Sikanderpur,BOOKING_CREATED,2024-05-14 11:39:54,,,,,,,,,
"""CNR7919494""",No Driver Found,"""CID1775212""",Go Sedan,Shivaji Park,Paharganj,BOOKING_CREATED,2024-06-30 09:23:42,,,,,,,,,
"""CNR3020975""",No Driver Found,"""CID5096799""",Auto,Aya Nagar,Welcome,BOOKING_CREATED,2024-08-19 16:21:14,,,,,,,,,
"""CNR3494898""",No Driver Found,"""CID4909313""",Premier Sedan,Central Secretariat,Lok Kalyan Marg,BOOKING_CREATED,2024-02-22 02:04:37,,,,,,,,,
"""CNR2012070""",No Driver Found,"""CID2805933""",Go Sedan,Gwal Pahari,Botanical Garden,BOOKING_CREATED,2024-10-07 21:17:19,,,,,,,,,
"""CNR9149009""",No Driver Found,"""CID8271809""",Go Mini,AIIMS,Maidan Garhi,BOOKING_CREATED,2024-06-15 05:18:01,,,,,,,,,
"""CNR6198211""",No Driver Found,"""CID6607095""",Auto,RK Puram,Nirman Vihar,BOOKING_CREATED,2024-06-07 02:05:59,,,,,,,,,
"""CNR7923735""",No Driver Found,"""CID6272443""",Auto,Bhikaji Cama Place,MG Road,BOOKING_CREATED,2024-10-25 08:57:19,,,,,,,,,
"""CNR5071968""",No Driver Found,"""CID6309096""",Auto,Kanhaiya Nagar,India Gate,BOOKING_CREATED,2024-03-10 19:55:06,,,,,,,,,
"""CNR6998501""",No Driver Found,"""CID2791202""",Go Mini,Badshahpur,India Gate,BOOKING_CREATED,2024-11-13 14:50:56,,,,,,,,,
"""CNR4050253""",No Driver Found,"""CID7778425""",Auto,Qutub Minar,RK Puram,BOOKING_CREATED,2024-04-01 14:21:02,,,,,,,,,
"""CNR8168936""",No Driver Found,"""CID6025884""",Auto,Satguru Ram Singh Marg,Chandni Chowk,BOOKING_CREATED,2024-11-19 11:54:18,,,,,,,,,
"""CNR6429627""",No Driver Found,"""CID7013005""",Auto,Shastri Park,Kashmere Gate,BOOKING_CREATED,2024-12-29 09:51:24,,,,,,,,,
"""CNR5044830""",No Driver Found,"""CID9145023""",Auto,Chirag Delhi,Akshardham,BOOKING_CREATED,2024-01-08 09:54:45,,,,,,,,,
"""CNR1380597""",No Driver Found,"""CID4557388""",Bike,Karol Bagh,Pragati Maidan,BOOKING_CREATED,2024-09-22 14:47:26,,,,,,,,,
"""CNR5738378""",No Driver Found,"""CID3875629""",Go Sedan,Jhilmil,AIIMS,BOOKING_CREATED,2024-11-14 21:59:14,,,,,,,,,
"""CNR8236620""",No Driver Found,"""CID1964325""",Uber XL,Lajpat Nagar,Arjangarh,BOOKING_CREATED,2024-06-13 08:50:21,,,,,,,,,
"""CNR3915796""",No Driver Found,"""CID4448319""",Go Sedan,Subhash Nagar,Karol Bagh,BOOKING_CREATED,2024-02-23 12:57:47,,,,,,,,,
"""CNR2422105""",No Driver Found,"""CID5770719""",Bike,Yamuna Bank,Bhiwadi,BOOKING_CREATED,2024-12-29 06:47:38,,,,,,,,,
"""CNR4492475""",No Driver Found,"""CID7676316""",Auto,Meerut,Subhash Chowk,BOOKING_CREATED,2024-12-19 18:17:52,,,,,,,,,
"""CNR7334430""",No Driver Found,"""CID2525895""",Premier Sedan,Ghitorni,Rithala,BOOKING_CREATED,2024-06-14 16:09:54,,,,,,,,,
"""CNR5031993""",No Driver Found,"""CID4599692""",Go Mini,Chanakyapuri,Nirman Vihar,BOOKING_CREATED,2024-11-22 20:20:30,,,,,,,,,
"""CNR2708670""",No Driver Found,"""CID4811997""",Bike,Badshahpur,Govindpuri,BOOKING_CREATED,2024-12-03 13:35:12,,,,,,,,,
"""CNR4185155""",No Driver Found,"""CID5756865""",Go Mini,Mansarovar Park,Badshahpur,BOOKING_CREATED,2024-12-11 19:28:04,,,,,,,,,
"""CNR8823907""",No Driver Found,"""CID4433377""",Bike,Govindpuri,Vaishali,BOOKING_CREATED,2024-10-24 21:12:15,,,,,,,,,
"""CNR1392983""",No Driver Found,"""CID1279314""",Bike,Satguru Ram Singh Marg,Chhatarpur,BOOKING_CREATED,2024-11-15 15:34:40,,,,,,,,,
"""CNR6209569""",No Driver Found,"""CID1330263""",Bike,Udyog Bhawan,Tughlakabad,BOOKING_CREATED,2024-12-07 11:21:59,,,,,,,,,
"""CNR6535976""",No Driver Found,"""CID3916708""",Go Mini,Jhilmil,Rajiv Chowk,BOOKING_CREATED,2024-07-16 08:42:52,,,,,,,,,
"""CNR9127409""",No Driver Found,"""CID7837496""",Bike,Rohini,Subhash Chowk,BOOKING_CREATED,2024-07-31 02:56:53,,,,,,,,,
"""CNR5467399""",No Driver Found,"""CID9987245""",Auto,IGNOU Road,Jhilmil,BOOKING_CREATED,2024-10-05 16:49:09,,,,,,,,,
"""CNR6305077""",No Driver Found,"""CID7126819""",Go Sedan,Anand Vihar,Indirapuram,BOOKING_CREATED,2024-04-15 18:32:06,,,,,,,,,
"""CNR5923701""",No Driver Found,"""CID4639472""",Auto,Rohini West,MG Road,BOOKING_CREATED,2024-02-13 06:54:51,,,,,,,,,
"""CNR2505420""",No Driver Found,"""CID5897599""",eBike,Paharganj,Vishwavidyalaya,BOOKING_CREATED,2024-02-10 17:59:10,,,,,,,,,
"""CNR3678356""",No Driver Found,"""CID3011148""",Go Mini,Uttam Nagar,Dilshad Garden,BOOKING_CREATED,2024-05-25 14:39:35,,,,,,,,,
"""CNR5248160""",No Driver Found,"""CID5470753""",Auto,Karkarduma,Preet Vihar,BOOKING_CREATED,2024-01-11 19:35:30,,,,,,,,,
"""CNR2462377""",No Driver Found,"""CID7247863""",Auto,Govindpuri,Lok Kalyan Marg,BOOKING_CREATED,2024-10-06 01:11:14,,,,,,,,,
"""CNR5658070""",No Driver Found,"""CID8880827""",Go Mini,Noida Extension,Indirapuram,BOOKING_CREATED,2024-12-24 16:24:58,,,,,,,,,
"""CNR1965032""",No Driver Found,"""CID4736965""",Bike,Sarojini Nagar,Gurgaon Sector 29,BOOKING_CREATED,2024-12-12 21:47:21,,,,,,,,,
"""CNR3928958""",No Driver Found,"""CID5953090""",eBike,Barakhamba Road,Gurgaon Sector 29,BOOKING_CREATED,2024-05-16 21:26:26,,,,,,,,,
"""CNR9894272""",No Driver Found,"""CID1625539""",Go Sedan,Chanakyapuri,Mundka,BOOKING_CREATED,2024-11-16 09:39:14,,,,,,,,,
"""CNR8899824""",No Driver Found,"""CID8081467""",Auto,Qutub Minar,Connaught Place,BOOKING_CREATED,2024-07-06 12:56:56,,,,,,,,,
"""CNR6325265""",No Driver Found,"""CID2842734""",Bike,Malviya Nagar,Greater Kailash,BOOKING_CREATED,2024-04-24 12:52:33,,,,,,,,,
"""CNR7717796""",No Driver Found,"""CID4952814""",Auto,Mehrauli,Gurgaon Railway Station,BOOKING_CREATED,2024-08-08 11:11:16,,,,,,,,,
"""CNR2153421""",No Driver Found,"""CID4464183""",Auto,Maidan Garhi,Kashmere Gate,BOOKING_CREATED,2024-10-06 17:06:07,,,,,,,,,
"""CNR5695437""",No Driver Found,"""CID8296913""",Auto,Maidan Garhi,Rajiv Nagar,BOOKING_CREATED,2024-07-02 10:15:16,,,,,,,,,
"""CNR2670260""",No Driver Found,"""CID2911805""",Go Sedan,Punjabi Bagh,Shastri Nagar,BOOKING_CREATED,2024-04-24 05:07:05,,,,,,,,,
"""CNR8765479""",No Driver Found,"""CID2149174""",Go Mini,Rajiv Nagar,Patel Chowk,BOOKING_CREATED,2024-12-27 19:05:50,,,,,,,,,
"""CNR7976843""",No Driver Found,"""CID4818194""",Go Sedan,Sonipat,Sikanderpur,BOOKING_CREATED,2024-05-31 06:23:27,,,,,,,,,
"""CNR2480255""",No Driver Found,"""CID8803410""",Go Sedan,Jama Masjid,IGI Airport,BOOKING_CREATED,2024-09-16 17:11:26,,,,,,,,,
"""CNR2402677""",No Driver Found,"""CID7612137""",Go Sedan,Sohna Road,Mansarovar Park,BOOKING_CREATED,2024-03-24 19:24:18,,,,,,,,,
"""CNR6738677""",No Driver Found,"""CID3602246""",Go Sedan,IFFCO Chowk,Maidan Garhi,BOOKING_CREATED,2024-03-26 05:11:04,,,,,,,,,
"""CNR5166011""",No Driver Found,"""CID7766235""",Go Mini,Ardee City,Sonipat,BOOKING_CREATED,2024-01-11 16:22:33,,,,,,,,,
"""CNR9740928""",No Driver Found,"""CID9811236""",Go Mini,Rithala,Pitampura,BOOKING_CREATED,2024-07-11 20:08:09,,,,,,,,,
"""CNR4949251""",No Driver Found,"""CID8216159""",Auto,Panchsheel Park,Lajpat Nagar,BOOKING_CREATED,2024-10-28 18:07:54,,,,,,,,,
"""CNR5606452""",No Driver Found,"""CID1123571""",Bike,Nawada,IIT Delhi,BOOKING_CREATED,2024-07-14 20:05:15,,,,,,,,,
"""CNR4208621""",No Driver Found,"""CID6623964""",Premier Sedan,Pitampura,Faridabad Sector 15,BOOKING_CREATED,2024-03-08 06:37:09,,,,,,,,,
"""CNR6028205""",No Driver Found,"""CID1249849""",Go Sedan,Jama Masjid,Palam Vihar,BOOKING_CREATED,2024-02-21 05:19:35,,,,,,,,,
"""CNR1803726""",No Driver Found,"""CID1495073""",Auto,Dwarka Sector 21,Yamuna Bank,BOOKING_CREATED,2024-07-27 19:59:08,,,,,,,,,
"""CNR9038770""",No Driver Found,"""CID5047611""",Auto,Noida Sector 62,Sonipat,BOOKING_CREATED,2024-08-11 18:49:22,,,,,,,,,
"""CNR4986695""",No Driver Found,"""CID1247650""",Go Mini,Moti Nagar,Ghaziabad,BOOKING_CREATED,2024-09-12 17:02:18,,,,,,,,,
"""CNR9343084""",No Driver Found,"""CID8132297""",eBike,Central Secretariat,Hero Honda Chowk,BOOKING_CREATED,2024-07-14 12:15:05,,,,,,,,,
"""CNR9476753""",No Driver Found,"""CID5535011""",Premier Sedan,Kherki Daula Toll,New Colony,BOOKING_CREATED,2024-01-20 17:38:18,,,,,,,,,
"""CNR2289968""",No Driver Found,"""CID2837043""",Go Mini,IMT Manesar,Mundka,BOOKING_CREATED,2024-11-27 07:30:48,,,,,,,,,
"""CNR7260759""",No Driver Found,"""CID2650629""",Premier Sedan,Madipur,Greater Kailash,BOOKING_CREATED,2024-03-02 18:05:37,,,,,,,,,
"""CNR1538258""",No Driver Found,"""CID7778630""",Auto,Saidulajab,Narsinghpur,BOOKING_CREATED,2024-06-18 15:47:22,,,,,,,,,
"""CNR3256234""",No Driver Found,"""CID9604058""",Premier Sedan,Sarai Kale Khan,Kashmere Gate ISBT,BOOKING_CREATED,2024-10-19 21:40:10,,,,,,,,,
"""CNR1724640""",No Driver Found,"""CID3149374""",Go Sedan,Mansarovar Park,Gurgaon Railway Station,BOOKING_CREATED,2024-09-17 09:06:43,,,,,,,,,
"""CNR4169743""",No Driver Found,"""CID3498866""",Premier Sedan,Bahadurgarh,Model Town,BOOKING_CREATED,2024-09-19 18:01:56,,,,,,,,,
"""CNR9711440""",No Driver Found,"""CID7586757""",Bike,RK Puram,Sadar Bazar Gurgaon,BOOKING_CREATED,2024-06-25 20:24:06,,,,,,,,,
"""CNR5032625""",No Driver Found,"""CID7393146""",Premier Sedan,Nawada,Ambience Mall,BOOKING_CREATED,2024-04-04 15:41:35,,,,,,,,,
"""CNR8500345""",No Driver Found,"""CID6503379""",Bike,Cyber Hub,Paharganj,BOOKING_CREATED,2024-03-12 10:20:12,,,,,,,,,
"""CNR4844360""",No Driver Found,"""CID1174217""",Auto,Indraprastha,Pataudi Chowk,BOOKING_CREATED,2024-06-07 10:29:24,,,,,,,,,
"""CNR9890310""",No Driver Found,"""CID8134253""",Go Mini,Sultanpur,MG Road,BOOKING_CREATED,2024-11-05 19:46:50,,,,,,,,,
"""CNR3736623""",No Driver Found,"""CID8093335""",Auto,Munirka,Gurgaon Railway Station,BOOKING_CREATED,2024-04-02 15:44:17,,,,,,,,,
"""CNR1702032""",No Driver Found,"""CID9795545""",Go Sedan,Gurgaon Sector 56,Noida Film City,BOOKING_CREATED,2024-05-10 11:13:30,,,,,,,,,
"""CNR3331211""",No Driver Found,"""CID5880740""",Go Sedan,Rajiv Nagar,Rohini,BOOKING_CREATED,2024-03-08 10:46:16,,,,,,,,,
"""CNR6445758""",No Driver Found,"""CID2242283""",Go Sedan,Nawada,Sushant Lok,BOOKING_CREATED,2024-09-17 11:57:04,,,,,,,,,
"""CNR6445139""",No Driver Found,"""CID5421583""",Auto,MG Road,Subhash Nagar,BOOKING_CREATED,2024-04-21 20:09:29,,,,,,,,,
"""CNR3626955""",No Driver Found,"""CID2308481""",Auto,Noida Sector 18,Janakpuri,BOOKING_CREATED,2024-03-17 13:40:18,,,,,,,,,
"""CNR1468709""",No Driver Found,"""CID5193662""",Premier Sedan,Khan Market,New Colony,BOOKING_CREATED,2024-08-05 16:32:36,,,,,,,,,
"""CNR7073440""",No Driver Found,"""CID1769319""",eBike,Gurgaon Railway Station,Moti Nagar,BOOKING_CREATED,2024-12-27 17:49:52,,,,,,,,,
"""CNR1488162""",No Driver Found,"""CID9016405""",Auto,Shastri Park,DLF Phase 3,BOOKING_CREATED,2024-05-01 17:02:13,,,,,,,,,
"""CNR8437915""",No Driver Found,"""CID4207129""",Bike,Tughlakabad,Lok Kalyan Marg,BOOKING_CREATED,2024-11-09 17:33:19,,,,,,,,,
"""CNR7626287""",No Driver Found,"""CID5019844""",Auto,Qutub Minar,RK Puram,BOOKING_CREATED,2024-07-23 20:46:08,,,,,,,,,
"""CNR8036927""",No Driver Found,"""CID5408876""",Auto,Tilak Nagar,Panipat,BOOKING_CREATED,2024-08-23 01:33:05,,,,,,,,,
"""CNR9056607""",No Driver Found,"""CID3608960""",Bike,Anand Vihar,Ghaziabad,BOOKING_CREATED,2024-11-27 13:26:04,,,,,,,,,
"""CNR6070857""",No Driver Found,"""CID1160993""",Go Sedan,Maidan Garhi,Akshardham,BOOKING_CREATED,2024-10-21 20:26:20,,,,,,,,,
"""CNR2482346""",No Driver Found,"""CID9912635""",Go Mini,Paschim Vihar,Netaji Subhash Place,BOOKING_CREATED,2024-04-09 13:06:32,,,,,,,,,
"""CNR2552292""",No Driver Found,"""CID2506325""",Premier Sedan,Pulbangash,Gurgaon Sector 29,BOOKING_CREATED,2024-07-23 20:20:29,,,,,,,,,
"""CNR2397657""",No Driver Found,"""CID6028875""",Premier Sedan,Sonipat,Badshahpur,BOOKING_CREATED,2024-05-10 09:35:24,,,,,,,,,
"""CNR9542209""",No Driver Found,"""CID8291684""",Go Mini,Lok Kalyan Marg,Jor Bagh,BOOKING_CREATED,2024-04-07 20:12:30,,,,,,,,,
"""CNR1574770""",No Driver Found,"""CID9467589""",eBike,Jama Masjid,GTB Nagar,BOOKING_CREATED,2024-06-22 18:26:38,,,,,,,,,
"""CNR3614640""",No Driver Found,"""CID6239175""",Go Sedan,Subhash Chowk,Raj Nagar Extension,BOOKING_CREATED,2024-03-31 18:25:36,,,,,,,,,
"""CNR8885291""",No Driver Found,"""CID3627315""",Premier Sedan,Anand Vihar,Gurgaon Sector 29,BOOKING_CREATED,2024-12-06 18:57:34,,,,,,,,,
"""CNR5730093""",No Driver Found,"""CID1665006""",Go Mini,Sikanderpur,Model Town,BOOKING_CREATED,2024-12-09 13:57:54,,,,,,,,,
"""CNR7784228""",No Driver Found,"""CID4180390""",Uber XL,Rohini East,Delhi Gate,BOOKING_CREATED,2024-05-18 20:32:13,,,,,,,,,
"""CNR2818343""",No Driver Found,"""CID1844106""",eBike,Meerut,Anand Vihar,BOOKING_CREATED,2024-03-12 18:48:26,,,,,,,,,
"""CNR9075904""",No Driver Found,"""CID3602184""",eBike,Rithala,Madipur,BOOKING_CREATED,2024-01-29 03:01:11,,,,,,,,,
"""CNR4415534""",No Driver Found,"""CID2544261""",Go Sedan,South Extension,IIT Delhi,BOOKING_CREATED,2024-07-06 05:25:02,,,,,,,,,
"""CNR6333337""",No Driver Found,"""CID4394389""",Premier Sedan,Meerut,Khandsa,BOOKING_CREATED,2024-03-09 14:07:18,,,,,,,,,
"""CNR7014980""",No Driver Found,"""CID9262971""",Go Mini,Noida Extension,AIIMS,BOOKING_CREATED,2024-09-19 15:11:31,,,,,,,,,
"""CNR2601355""",No Driver Found,"""CID9102230""",Go Mini,Sohna Road,IFFCO Chowk,BOOKING_CREATED,2024-11-17 09:26:30,,,,,,,,,
"""CNR4889693""",No Driver Found,"""CID8939670""",Go Sedan,Keshav Puram,Hauz Rani,BOOKING_CREATED,2024-10-01 10:02:29,,,,,,,,,
"""CNR1984209""",No Driver Found,"""CID2976516""",Auto,Tis Hazari,Ghitorni Village,BOOKING_CREATED,2024-03-24 02:09:12,,,,,,,,,
"""CNR2393804""",No Driver Found,"""CID9074732""",Premier Sedan,Ambience Mall,Badarpur,BOOKING_CREATED,2024-05-01 06:22:00,,,,,,,,,
"""CNR7914844""",No Driver Found,"""CID5663671""",Premier Sedan,Ramesh Nagar,Bahadurgarh,BOOKING_CREATED,2024-02-24 19:38:50,,,,,,,,,
"""CNR9985319""",No Driver Found,"""CID5096992""",Premier Sedan,Kanhaiya Nagar,Sikanderpur,BOOKING_CREATED,2024-08-26 13:23:42,,,,,,,,,
"""CNR4963748""",No Driver Found,"""CID1485766""",Go Mini,Bhikaji Cama Place,Uttam Nagar,BOOKING_CREATED,2024-03-10 19:58:00,,,,,,,,,
"""CNR8170897""",No Driver Found,"""CID2818961""",Go Sedan,IFFCO Chowk,India Gate,BOOKING_CREATED,2024-11-24 18:09:53,,,,,,,,,
"""CNR4825788""",No Driver Found,"""CID5965981""",Go Sedan,Bhikaji Cama Place,Kherki Daula Toll,BOOKING_CREATED,2024-03-18 20:49:08,,,,,,,,,
"""CNR4063495""",No Driver Found,"""CID3085066""",Bike,Nirman Vihar,Meerut,BOOKING_CREATED,2024-02-04 08:34:10,,,,,,,,,
"""CNR4999712""",No Driver Found,"""CID9797801""",Go Sedan,Inderlok,Rajiv Nagar,BOOKING_CREATED,2024-07-02 14:05:21,,,,,,,,,
"""CNR2136293""",No Driver Found,"""CID5983202""",Premier Sedan,Shastri Park,Vishwavidyalaya,BOOKING_CREATED,2024-06-25 19:48:58,,,,,,,,,
"""CNR1244109""",No Driver Found,"""CID7442030""",Auto,Cyber Hub,New Delhi Railway Station,BOOKING_CREATED,2024-04-22 10:06:04,,,,,,,,,
"""CNR6555353""",No Driver Found,"""CID8135559""",Bike,Ghaziabad,RK Puram,BOOKING_CREATED,2024-01-06 17:47:11,,,,,,,,,
"""CNR7064236""",No Driver Found,"""CID6941416""",Auto,DLF City Court,IFFCO Chowk,BOOKING_CREATED,2024-06-15 21:01:15,,,,,,,,,
"""CNR4391987""",No Driver Found,"""CID7243366""",eBike,Peeragarhi,Karkarduma,BOOKING_CREATED,2024-02-07 21:58:19,,,,,,,,,
"""CNR3148240""",No Driver Found,"""CID7186697""",Go Sedan,Manesar,Ashram,BOOKING_CREATED,2024-05-20 19:02:34,,,,,,,,,
"""CNR8222895""",No Driver Found,"""CID5036921""",Auto,Vasant Kunj,Lajpat Nagar,BOOKING_CREATED,2024-05-10 10:29:52,,,,,,,,,
"""CNR9824836""",No Driver Found,"""CID8909318""",Go Sedan,Anand Vihar ISBT,Bhiwadi,BOOKING_CREATED,2024-01-14 21:10:29,,,,,,,,,
"""CNR3333021""",No Driver Found,"""CID6149725""",Premier Sedan,Rajouri Garden,Cyber Hub,BOOKING_CREATED,2024-04-08 21:09:18,,,,,,,,,
"""CNR9898947""",No Driver Found,"""CID7288545""",Go Mini,Lok Kalyan Marg,Barakhamba Road,BOOKING_CREATED,2024-09-05 15:55:46,,,,,,,,,
"""CNR7588077""",No Driver Found,"""CID4951261""",Go Sedan,Saket,Nirman Vihar,BOOKING_CREATED,2024-10-30 12:15:10,,,,,,,,,
"""CNR2234736""",No Driver Found,"""CID4193584""",eBike,Old Gurgaon,India Gate,BOOKING_CREATED,2024-07-01 10:00:54,,,,,,,,,
"""CNR8742285""",No Driver Found,"""CID7242406""",Auto,Udyog Vihar Phase 4,Tughlakabad,BOOKING_CREATED,2024-03-07 15:19:56,,,,,,,,,
"""CNR7042596""",No Driver Found,"""CID3502358""",Uber XL,Botanical Garden,IGI Airport,BOOKING_CREATED,2024-06-24 12:17:05,,,,,,,,,
"""CNR3594664""",No Driver Found,"""CID7614005""",Bike,Saket,GTB Nagar,BOOKING_CREATED,2024-11-03 06:27:35,,,,,,,,,
"""CNR3523114""",No Driver Found,"""CID1718862""",Go Mini,IMT Manesar,Jahangirpuri,BOOKING_CREATED,2024-02-12 20:38:24,,,,,,,,,
"""CNR4505068""",No Driver Found,"""CID6061226""",Auto,Cyber Hub,Shahdara,BOOKING_CREATED,2024-02-10 16:09:43,,,,,,,,,
"""CNR5974375""",No Driver Found,"""CID3837318""",Auto,Preet Vihar,Badshahpur,BOOKING_CREATED,2024-04-16 06:29:23,,,,,,,,,
"""CNR6919388""",No Driver Found,"""CID4231826""",Go Mini,IIT Delhi,India Gate,BOOKING_CREATED,2024-06-26 08:13:49,,,,,,,,,
"""CNR5319690""",No Driver Found,"""CID8416128""",Go Mini,Kanhaiya Nagar,Raj Nagar Extension,BOOKING_CREATED,2024-02-28 17:54:18,,,,,,,,,
"""CNR8867294""",No Driver Found,"""CID7939498""",Bike,Panchsheel Park,Lok Kalyan Marg,BOOKING_CREATED,2024-05-06 18:36:02,,,,,,,,,
"""CNR7398519""",No Driver Found,"""CID2869442""",Bike,Ambience Mall,Kirti Nagar,BOOKING_CREATED,2024-11-20 12:33:58,,,,,,,,,
"""CNR5582777""",No Driver Found,"""CID8040043""",Auto,Munirka,Saket A Block,BOOKING_CREATED,2024-02-23 09:22:32,,,,,,,,,
"""CNR4776147""",No Driver Found,"""CID2436694""",Bike,Laxmi Nagar,Vishwavidyalaya,BOOKING_CREATED,2024-07-25 22:05:32,,,,,,,,,
"""CNR4259200""",No Driver Found,"""CID6474718""",eBike,Khan Market,Gurgaon Sector 29,BOOKING_CREATED,2024-10-27 19:42:08,,,,,,,,,
"""CNR3821260""",No Driver Found,"""CID5195676""",Bike,INA Market,Golf Course Road,BOOKING_CREATED,2024-02-25 12:05:18,,,,,,,,,
"""CNR3555430""",No Driver Found,"""CID8301081""",Auto,Kashmere Gate ISBT,Huda City Centre,BOOKING_CREATED,2024-04-18 17:51:34,,,,,,,,,
"""CNR7328789""",No Driver Found,"""CID2046855""",Go Mini,South Extension,Ghitorni Village,BOOKING_CREATED,2024-07-21 17:50:04,,,,,,,,,
"""CNR3263168""",No Driver Found,"""CID6376092""",Uber XL,Nawada,Gurgaon Sector 29,BOOKING_CREATED,2024-08-24 09:09:01,,,,,,,,,
"""CNR5485941""",No Driver Found,"""CID3182217""",Auto,Khan Market,Gwal Pahari,BOOKING_CREATED,2024-02-19 18:54:53,,,,,,,,,
"""CNR7034709""",No Driver Found,"""CID9775038""",Bike,Greater Noida,AIIMS,BOOKING_CREATED,2024-02-06 23:19:58,,,,,,,,,
"""CNR3240277""",No Driver Found,"""CID4942608""",Auto,Udyog Bhawan,Bahadurgarh,BOOKING_CREATED,2024-10-24 11:30:08,,,,,,,,,
"""CNR6139508""",No Driver Found,"""CID3390920""",Auto,Laxmi Nagar,Nehru Place,BOOKING_CREATED,2024-10-25 21:43:47,,,,,,,,,
"""CNR7629678""",No Driver Found,"""CID2370844""",Premier Sedan,Hauz Rani,Jahangirpuri,BOOKING_CREATED,2024-04-17 06:47:16,,,,,,,,,
"""CNR6343690""",No Driver Found,"""CID3825859""",Go Mini,Ashok Vihar,Vatika Chowk,BOOKING_CREATED,2024-09-07 11:33:57,,,,,,,,,
"""CNR3857102""",No Driver Found,"""CID6671503""",eBike,Gurgaon Railway Station,Panchsheel Park,BOOKING_CREATED,2024-06-19 19:38:54,,,,,,,,,
"""CNR6517359""",No Driver Found,"""CID4752900""",Premier Sedan,Satguru Ram Singh Marg,Maidan Garhi,BOOKING_CREATED,2024-03-23 18:13:11,,,,,,,,,
"""CNR3284563""",No Driver Found,"""CID8827922""",Go Sedan,Hauz Rani,Raj Nagar Extension,BOOKING_CREATED,2024-08-13 11:20:36,,,,,,,,,
"""CNR1293685""",No Driver Found,"""CID3862464""",Bike,Rohini East,Ashram,BOOKING_CREATED,2024-07-16 10:09:51,,,,,,,,,
"""CNR3908778""",No Driver Found,"""CID4309644""",Go Sedan,Dilshad Garden,Moti Nagar,BOOKING_CREATED,2024-02-16 07:58:01,,,,,,,,,
"""CNR1082581""",No Driver Found,"""CID2301596""",Go Sedan,Tagore Garden,MG Road,BOOKING_CREATED,2024-01-15 12:11:43,,,,,,,,,
"""CNR6051236""",No Driver Found,"""CID3323507""",Go Sedan,Greater Noida,Govindpuri,BOOKING_CREATED,2024-02-28 19:57:06,,,,,,,,,
"""CNR7497329""",No Driver Found,"""CID5202976""",Premier Sedan,Panipat,Tughlakabad,BOOKING_CREATED,2024-06-14 10:36:33,,,,,,,,,
"""CNR6563455""",No Driver Found,"""CID4446175""",Auto,Botanical Garden,Dilshad Garden,BOOKING_CREATED,2024-09-07 20:38:14,,,,,,,,,
"""CNR4027859""",No Driver Found,"""CID3807848""",Go Sedan,Vasant Kunj,Okhla,BOOKING_CREATED,2024-01-11 08:08:32,,,,,,,,,
"""CNR5758894""",No Driver Found,"""CID8881219""",Premier Sedan,Ramesh Nagar,Panipat,BOOKING_CREATED,2024-09-10 09:37:23,,,,,,,,,
"""CNR7858137""",No Driver Found,"""CID6257255""",Premier Sedan,Samaypur Badli,Subhash Chowk,BOOKING_CREATED,2024-10-18 23:58:28,,,,,,,,,
"""CNR5496692""",No Driver Found,"""CID4803620""",Go Sedan,Tis Hazari,ITO,BOOKING_CREATED,2024-06-07 21:35:23,,,,,,,,,
"""CNR1795643""",No Driver Found,"""CID4570862""",eBike,Dwarka Mor,Mansarovar Park,BOOKING_CREATED,2024-05-25 03:31:13,,,,,,,,,
"""CNR6898416""",No Driver Found,"""CID2697143""",Auto,Old Gurgaon,Aya Nagar,BOOKING_CREATED,2024-06-28 19:16:34,,,,,,,,,
"""CNR7252800""",No Driver Found,"""CID9590131""",Auto,Karkarduma,Barakhamba Road,BOOKING_CREATED,2024-04-13 01:51:46,,,,,,,,,
"""CNR9742182""",No Driver Found,"""CID4618872""",eBike,Lajpat Nagar,Dwarka Mor,BOOKING_CREATED,2024-07-28 15:54:27,,,,,,,,,
"""CNR7262627""",No Driver Found,"""CID4376235""",Auto,IMT Manesar,Chanakyapuri,BOOKING_CREATED,2024-03-17 05:23:56,,,,,,,,,
"""CNR8910332""",No Driver Found,"""CID1229941""",Go Mini,Delhi Gate,DLF Phase 3,BOOKING_CREATED,2024-11-19 04:39:18,,,,,,,,,
"""CNR9789700""",No Driver Found,"""CID2042269""",Go Sedan,Moti Nagar,Udyog Bhawan,BOOKING_CREATED,2024-07-13 08:34:14,,,,,,,,,
"""CNR2604553""",No Driver Found,"""CID2097420""",Bike,Tagore Garden,Chanakyapuri,BOOKING_CREATED,2024-04-01 15:36:46,,,,,,,,,
"""CNR6113235""",No Driver Found,"""CID2935268""",Go Sedan,New Delhi Railway Station,GTB Nagar,BOOKING_CREATED,2024-10-08 17:53:22,,,,,,,,,
"""CNR2109962""",No Driver Found,"""CID6496195""",Premier Sedan,Arjangarh,Vishwavidyalaya,BOOKING_CREATED,2024-12-24 16:58:14,,,,,,,,,
"""CNR8850645""",No Driver Found,"""CID9816793""",Auto,Kashmere Gate,GTB Nagar,BOOKING_CREATED,2024-11-09 12:51:54,,,,,,,,,
"""CNR9874524""",No Driver Found,"""CID9072348""",Auto,Paharganj,Rajiv Nagar,BOOKING_CREATED,2024-01-16 09:08:52,,,,,,,,,
"""CNR7647851""",No Driver Found,"""CID5037919""",Premier Sedan,Pitampura,Narsinghpur,BOOKING_CREATED,2024-06-02 16:42:11,,,,,,,,,
"""CNR7870113""",No Driver Found,"""CID2987523""",Bike,Shivaji Park,Nawada,BOOKING_CREATED,2024-06-13 08:13:17,,,,,,,,,
"""CNR5505778""",No Driver Found,"""CID3010506""",Go Mini,Shastri Park,Chirag Delhi,BOOKING_CREATED,2024-08-27 16:07:03,,,,,,,,,
"""CNR7328786""",No Driver Found,"""CID3358652""",eBike,Rohini,Samaypur Badli,BOOKING_CREATED,2024-07-31 14:28:29,,,,,,,,,
"""CNR4983561""",No Driver Found,"""CID1436675""",Go Mini,Shastri Nagar,Lal Quila,BOOKING_CREATED,2024-07-12 05:19:32,,,,,,,,,
"""CNR7523172""",No Driver Found,"""CID8762563""",eBike,Paschim Vihar,Sarojini Nagar,BOOKING_CREATED,2024-07-17 16:14:06,,,,,,,,,
"""CNR6138725""",No Driver Found,"""CID1369468""",Go Sedan,Pulbangash,Samaypur Badli,BOOKING_CREATED,2024-09-07 08:21:27,,,,,,,,,
"""CNR6769434""",No Driver Found,"""CID5911647""",Go Mini,Mayur Vihar,Meerut,BOOKING_CREATED,2024-05-25 18:19:35,,,,,,,,,
"""CNR7172938""",No Driver Found,"""CID9234427""",Go Sedan,Sultanpur,Lajpat Nagar,BOOKING_CREATED,2024-01-04 12:27:13,,,,,,,,,
"""CNR6703016""",No Driver Found,"""CID8703192""",Go Mini,Panchsheel Park,Kaushambi,BOOKING_CREATED,2024-04-23 03:07:00,,,,,,,,,
"""CNR9329937""",No Driver Found,"""CID7760856""",Auto,Akshardham,Nawada,BOOKING_CREATED,2024-05-29 19:04:06,,,,,,,,,
"""CNR8866757""",No Driver Found,"""CID1874411""",Go Mini,Basai Dhankot,Ghaziabad,BOOKING_CREATED,2024-12-13 11:46:56,,,,,,,,,
"""CNR5394223""",No Driver Found,"""CID8115305""",Auto,Manesar,Sushant Lok,BOOKING_CREATED,2024-04-17 10:48:16,,,,,,,,,
"""CNR5715951""",No Driver Found,"""CID8717145""",Auto,Subhash Chowk,MG Road,BOOKING_CREATED,2024-11-02 18:16:45,,,,,,,,,
"""CNR1315731""",No Driver Found,"""CID1371493""",Go Sedan,Uttam Nagar,Chanakyapuri,BOOKING_CREATED,2024-02-28 16:37:36,,,,,,,,,
"""CNR3745443""",No Driver Found,"""CID2569676""",Go Sedan,Paschim Vihar,Chirag Delhi,BOOKING_CREATED,2024-08-20 09:36:59,,,,,,,,,
"""CNR2000147""",No Driver Found,"""CID7208741""",eBike,Palam Vihar,Anand Vihar,BOOKING_CREATED,2024-08-09 13:34:57,,,,,,,,,
"""CNR1677384""",No Driver Found,"""CID3209546""",Go Sedan,Chanakyapuri,Vidhan Sabha,BOOKING_CREATED,2024-09-23 09:18:04,,,,,,,,,
"""CNR7251658""",No Driver Found,"""CID4337922""",Bike,Vinobapuri,Okhla,BOOKING_CREATED,2024-09-17 07:05:39,,,,,,,,,
"""CNR9279672""",No Driver Found,"""CID8027051""",Go Mini,Palam Vihar,New Delhi Railway Station,BOOKING_CREATED,2024-02-08 16:17:43,,,,,,,,,
"""CNR8920306""",No Driver Found,"""CID1018138""",Premier Sedan,Badshahpur,Madipur,BOOKING_CREATED,2024-11-19 18:41:47,,,,,,,,,
"""CNR9270909""",No Driver Found,"""CID1327904""",eBike,Lok Kalyan Marg,Kaushambi,BOOKING_CREATED,2024-05-21 09:38:58,,,,,,,,,
"""CNR9829477""",No Driver Found,"""CID4783074""",Auto,Udyog Vihar Phase 4,Noida Sector 62,BOOKING_CREATED,2024-07-23 11:58:22,,,,,,,,,
"""CNR4701495""",No Driver Found,"""CID8808394""",Auto,Kashmere Gate ISBT,Vasant Kunj,BOOKING_CREATED,2024-06-08 19:09:46,,,,,,,,,
"""CNR7201232""",No Driver Found,"""CID3890565""",Auto,Bahadurgarh,Laxmi Nagar,BOOKING_CREATED,2024-03-04 01:29:10,,,,,,,,,
"""CNR8415987""",No Driver Found,"""CID6497818""",Go Sedan,IGNOU Road,Mundka,BOOKING_CREATED,2024-06-01 13:00:39,,,,,,,,,
"""CNR9436333""",No Driver Found,"""CID1626669""",Go Mini,India Gate,Uttam Nagar,BOOKING_CREATED,2024-12-30 09:47:29,,,,,,,,,
"""CNR9597510""",No Driver Found,"""CID9884406""",Premier Sedan,South Extension,Indirapuram,BOOKING_CREATED,2024-10-27 11:11:37,,,,,,,,,
"""CNR1003331""",No Driver Found,"""CID5749702""",Go Sedan,Shivaji Park,Bahadurgarh,BOOKING_CREATED,2024-05-19 07:14:53,,,,,,,,,
"""CNR5631924""",No Driver Found,"""CID4022153""",Auto,Rithala,Seelampur,BOOKING_CREATED,2024-01-20 19:29:22,,,,,,,,,
"""CNR6928891""",No Driver Found,"""CID9958542""",Go Mini,INA Market,Seelampur,BOOKING_CREATED,2024-11-25 09:50:50,,,,,,,,,
"""CNR4273632""",No Driver Found,"""CID8953119""",Go Sedan,Dwarka Sector 21,Tughlakabad,BOOKING_CREATED,2024-09-16 18:13:00,,,,,,,,,
"""CNR3865881""",No Driver Found,"""CID8035167""",Go Sedan,Rohini West,Pragati Maidan,BOOKING_CREATED,2024-09-02 21:50:39,,,,,,,,,
"""CNR6115322""",No Driver Found,"""CID1736469""",Go Mini,Badshahpur,Dilshad Garden,BOOKING_CREATED,2024-03-23 06:39:51,,,,,,,,,
"""CNR1348506""",No Driver Found,"""CID1069436""",Uber XL,Ambience Mall,South Extension,BOOKING_CREATED,2024-08-10 08:35:17,,,,,,,,,
"""CNR8322888""",No Driver Found,"""CID4214806""",eBike,Arjangarh,Khandsa,BOOKING_CREATED,2024-09-18 09:24:11,,,,,,,,,
"""CNR8681195""",No Driver Found,"""CID5156430""",Auto,Rajiv Nagar,Karol Bagh,BOOKING_CREATED,2024-12-02 21:50:33,,,,,,,,,
"""CNR9468770""",No Driver Found,"""CID7913318""",Auto,Jor Bagh,Gurgaon Railway Station,BOOKING_CREATED,2024-08-03 21:02:54,,,,,,,,,
"""CNR2621871""",No Driver Found,"""CID7189950""",Auto,Badarpur,Saket A Block,BOOKING_CREATED,2024-12-29 12:25:59,,,,,,,,,
"""CNR4200390""",No Driver Found,"""CID9328772""",Go Mini,Ambience Mall,Yamuna Bank,BOOKING_CREATED,2024-09-05 23:07:10,,,,,,,,,
"""CNR8336218""",No Driver Found,"""CID5628992""",Bike,Palam Vihar,Vishwavidyalaya,BOOKING_CREATED,2024-01-15 20:32:28,,,,,,,,,
"""CNR8639133""",No Driver Found,"""CID5455849""",Go Mini,Botanical Garden,Cyber Hub,BOOKING_CREATED,2024-01-16 15:28:47,,,,,,,,,
"""CNR8090392""",No Driver Found,"""CID8944059""",Auto,Sonipat,Satguru Ram Singh Marg,BOOKING_CREATED,2024-11-17 16:44:50,,,,,,,,,
"""CNR7823616""",No Driver Found,"""CID8652026""",Go Sedan,IGNOU Road,Shastri Park,BOOKING_CREATED,2024-09-10 20:58:04,,,,,,,,,
"""CNR8167980""",No Driver Found,"""CID3130263""",Bike,New Colony,Laxmi Nagar,BOOKING_CREATED,2024-03-16 11:50:56,,,,,,,,,
"""CNR3805678""",No Driver Found,"""CID7941066""",Go Sedan,Karkarduma,Anand Vihar ISBT,BOOKING_CREATED,2024-02-24 17:22:04,,,,,,,,,
"""CNR5564079""",No Driver Found,"""CID4854835""",Auto,Model Town,Gurgaon Sector 56,BOOKING_CREATED,2024-08-03 21:07:10,,,,,,,,,
"""CNR4448599""",No Driver Found,"""CID7758146""",Premier Sedan,Pulbangash,Meerut,BOOKING_CREATED,2024-01-24 09:02:32,,,,,,,,,
"""CNR2106311""",No Driver Found,"""CID5754240""",Bike,Saket A Block,Khandsa,BOOKING_CREATED,2024-05-13 16:35:37,,,,,,,,,
"""CNR1235560""",No Driver Found,"""CID5310454""",Bike,Kirti Nagar,Badarpur,BOOKING_CREATED,2024-06-08 02:20:03,,,,,,,,,
"""CNR4298802""",No Driver Found,"""CID7694275""",Go Mini,Subhash Nagar,Mansarovar Park,BOOKING_CREATED,2024-07-31 06:27:27,,,,,,,,,
"""CNR3637274""",No Driver Found,"""CID5991106""",eBike,Gurgaon Railway Station,AIIMS,BOOKING_CREATED,2024-02-02 04:26:01,,,,,,,,,
"""CNR9262266""",No Driver Found,"""CID6883251""",Auto,Arjangarh,Aya Nagar,BOOKING_CREATED,2024-03-04 16:33:42,,,,,,,,,
"""CNR3796096""",No Driver Found,"""CID3264607""",Go Sedan,Tilak Nagar,Ashok Park Main,BOOKING_CREATED,2024-11-01 07:48:46,,,,,,,,,
"""CNR2906837""",No Driver Found,"""CID5663258""",Go Sedan,Old Gurgaon,Preet Vihar,BOOKING_CREATED,2024-11-05 23:26:02,,,,,,,,,
"""CNR2644496""",No Driver Found,"""CID9469918""",Go Mini,Noida Sector 18,Peeragarhi,BOOKING_CREATED,2024-11-26 21:23:49,,,,,,,,,
"""CNR9249100""",No Driver Found,"""CID2429683""",Premier Sedan,Tughlakabad,Vatika Chowk,BOOKING_CREATED,2024-08-26 18:43:59,,,,,,,,,
"""CNR2937127""",No Driver Found,"""CID9446403""",Go Sedan,Noida Extension,Khandsa,BOOKING_CREATED,2024-05-12 12:26:25,,,,,,,,,
"""CNR5578117""",No Driver Found,"""CID1205297""",Auto,Greater Noida,Ashram,BOOKING_CREATED,2024-01-17 00:53:29,,,,,,,,,
"""CNR5094375""",No Driver Found,"""CID8790265""",eBike,Dwarka Mor,Patel Chowk,BOOKING_CREATED,2024-04-26 20:42:54,,,,,,,,,
"""CNR4987699""",No Driver Found,"""CID4630678""",Auto,Raj Nagar Extension,Kadarpur,BOOKING_CREATED,2024-08-13 14:47:49,,,,,,,,,
"""CNR7198842""",No Driver Found,"""CID5307724""",eBike,Vasant Kunj,Madipur,BOOKING_CREATED,2024-06-13 19:26:42,,,,,,,,,
"""CNR4191942""",No Driver Found,"""CID7307156""",Go Sedan,Mundka,Keshav Puram,BOOKING_CREATED,2024-02-25 10:03:41,,,,,,,,,
"""CNR4280970""",No Driver Found,"""CID8343004""",Go Mini,MG Road,Mundka,BOOKING_CREATED,2024-07-17 09:41:52,,,,,,,,,
"""CNR3949164""",No Driver Found,"""CID5756929""",Bike,Patel Chowk,Kirti Nagar,BOOKING_CREATED,2024-09-07 10:50:13,,,,,,,,,
"""CNR1097174""",No Driver Found,"""CID4687663""",Bike,Vasant Kunj,Mandi House,BOOKING_CREATED,2024-01-25 17:39:28,,,,,,,,,
"""CNR4434377""",No Driver Found,"""CID8190821""",Go Sedan,Munirka,Sarojini Nagar,BOOKING_CREATED,2024-04-19 06:32:31,,,,,,,,,
"""CNR2607306""",No Driver Found,"""CID1828975""",Bike,Model Town,Keshav Puram,BOOKING_CREATED,2024-03-16 09:50:16,,,,,,,,,
"""CNR5284794""",No Driver Found,"""CID3967960""",Go Sedan,Dwarka Sector 21,Qutub Minar,BOOKING_CREATED,2024-06-25 09:37:58,,,,,,,,,
"""CNR7254705""",No Driver Found,"""CID3088930""",Go Mini,Yamuna Bank,Ramesh Nagar,BOOKING_CREATED,2024-10-25 10:40:19,,,,,,,,,
"""CNR7857246""",No Driver Found,"""CID9963119""",Auto,Vaishali,Ardee City,BOOKING_CREATED,2024-08-28 22:41:14,,,,,,,,,
"""CNR9459997""",No Driver Found,"""CID5986637""",eBike,Mehrauli,Pataudi Chowk,BOOKING_CREATED,2024-06-26 08:12:26,,,,,,,,,
"""CNR3951710""",No Driver Found,"""CID7015538""",Bike,Ashok Park Main,Karol Bagh,BOOKING_CREATED,2024-07-18 18:53:37,,,,,,,,,
"""CNR3129432""",No Driver Found,"""CID7331725""",Bike,Kashmere Gate,Welcome,BOOKING_CREATED,2024-12-27 20:11:14,,,,,,,,,
"""CNR8423051""",No Driver Found,"""CID1572441""",Go Mini,Karol Bagh,Jasola,BOOKING_CREATED,2024-03-23 14:59:32,,,,,,,,,
"""CNR2427830""",No Driver Found,"""CID4992393""",Go Sedan,Cyber Hub,Janakpuri,BOOKING_CREATED,2024-03-04 08:05:32,,,,,,,,,
"""CNR8395473""",No Driver Found,"""CID7106390""",Bike,IMT Manesar,South Extension,BOOKING_CREATED,2024-08-08 23:42:56,,,,,,,,,
"""CNR5999950""",No Driver Found,"""CID5470854""",Premier Sedan,Hauz Khas,Kirti Nagar,BOOKING_CREATED,2024-05-05 17:16:49,,,,,,,,,
"""CNR5977736""",No Driver Found,"""CID8213421""",Auto,Netaji Subhash Place,IMT Manesar,BOOKING_CREATED,2024-08-02 15:46:08,,,,,,,,,
"""CNR2895985""",No Driver Found,"""CID2801695""",Bike,Old Gurgaon,Subhash Nagar,BOOKING_CREATED,2024-05-13 12:57:03,,,,,,,,,
"""CNR1838512""",No Driver Found,"""CID8452607""",Go Mini,Mansarovar Park,Janakpuri,BOOKING_CREATED,2024-09-24 15:20:48,,,,,,,,,
"""CNR7359707""",No Driver Found,"""CID7611401""",Go Sedan,Kadarpur,INA Market,BOOKING_CREATED,2024-09-16 21:16:32,,,,,,,,,
"""CNR2078254""",No Driver Found,"""CID1860977""",Auto,Vasant Kunj,Anand Vihar,BOOKING_CREATED,2024-02-27 10:10:45,,,,,,,,,
"""CNR1602978""",No Driver Found,"""CID3705590""",Auto,Chandni Chowk,Ghitorni Village,BOOKING_CREATED,2024-08-26 23:49:33,,,,,,,,,
"""CNR2094249""",No Driver Found,"""CID6973000""",Go Sedan,Tis Hazari,Kaushambi,BOOKING_CREATED,2024-04-11 12:03:50,,,,,,,,,
"""CNR8648408""",No Driver Found,"""CID4854010""",Go Sedan,Anand Vihar ISBT,Patel Chowk,BOOKING_CREATED,2024-03-01 08:58:30,,,,,,,,,
"""CNR1386395""",No Driver Found,"""CID7572497""",Go Sedan,Rajouri Garden,Pragati Maidan,BOOKING_CREATED,2024-05-26 19:11:27,,,,,,,,,
"""CNR1464599""",No Driver Found,"""CID5368388""",Go Mini,Kherki Daula Toll,Pataudi Chowk,BOOKING_CREATED,2024-06-02 17:02:49,,,,,,,,,
"""CNR6504575""",No Driver Found,"""CID4672919""",Go Sedan,Ashram,Sultanpur,BOOKING_CREATED,2024-10-10 13:53:20,,,,,,,,,
"""CNR9516833""",No Driver Found,"""CID6224292""",Auto,Pitampura,Preet Vihar,BOOKING_CREATED,2024-03-10 22:49:56,,,,,,,,,
"""CNR5798910""",No Driver Found,"""CID1496059""",Go Sedan,Chirag Delhi,Nawada,BOOKING_CREATED,2024-10-25 11:20:17,,,,,,,,,
"""CNR8195144""",No Driver Found,"""CID1389447""",Auto,Nawada,Azadpur,BOOKING_CREATED,2024-08-14 20:45:12,,,,,,,,,
"""CNR2366696""",No Driver Found,"""CID4997447""",Auto,Noida Film City,Ardee City,BOOKING_CREATED,2024-06-19 18:25:07,,,,,,,,,
"""CNR1523415""",No Driver Found,"""CID1137871""",eBike,Gurgaon Sector 56,Sushant Lok,BOOKING_CREATED,2024-09-02 12:02:53,,,,,,,,,
"""CNR6805358""",No Driver Found,"""CID5843499""",Go Sedan,Kashmere Gate ISBT,Palam Vihar,BOOKING_CREATED,2024-02-22 19:01:47,,,,,,,,,
"""CNR2927582""",No Driver Found,"""CID6049413""",Auto,Panipat,Ashram,BOOKING_CREATED,2024-12-23 16:05:20,,,,,,,,,
"""CNR6464419""",No Driver Found,"""CID5040212""",Bike,Khandsa,Narsinghpur,BOOKING_CREATED,2024-11-03 20:02:43,,,,,,,,,
"""CNR6529849""",No Driver Found,"""CID5944483""",eBike,Ghitorni Village,Dwarka Sector 21,BOOKING_CREATED,2024-08-29 06:52:51,,,,,,,,,
"""CNR2508161""",No Driver Found,"""CID6928875""",Premier Sedan,Udyog Vihar Phase 4,Model Town,BOOKING_CREATED,2024-04-09 14:33:08,,,,,,,,,
"""CNR6058139""",No Driver Found,"""CID6081245""",Auto,Uttam Nagar,South Extension,BOOKING_CREATED,2024-10-10 17:12:44,,,,,,,,,
"""CNR2427964""",No Driver Found,"""CID6050149""",Auto,Meerut,Saket A Block,BOOKING_CREATED,2024-07-24 16:32:45,,,,,,,,,
"""CNR9426296""",No Driver Found,"""CID7163442""",Bike,Raj Nagar Extension,Ardee City,BOOKING_CREATED,2024-03-27 11:46:50,,,,,,,,,
"""CNR8219800""",No Driver Found,"""CID3042356""",Auto,Dwarka Mor,Manesar,BOOKING_CREATED,2024-07-27 15:59:05,,,,,,,,,
"""CNR7651916""",No Driver Found,"""CID3977902""",Go Sedan,Kadarpur,Uttam Nagar,BOOKING_CREATED,2024-08-24 17:07:31,,,,,,,,,
"""CNR6343144""",No Driver Found,"""CID6891350""",Premier Sedan,Lok Kalyan Marg,Sadar Bazar Gurgaon,BOOKING_CREATED,2024-12-02 17:59:04,,,,,,,,,
"""CNR5535722""",No Driver Found,"""CID4984606""",eBike,Karkarduma,Sonipat,BOOKING_CREATED,2024-03-22 06:42:06,,,,,,,,,
"""CNR4743619""",No Driver Found,"""CID8574953""",Uber XL,Jahangirpuri,Mandi House,BOOKING_CREATED,2024-07-04 19:13:18,,,,,,,,,
"""CNR4776786""",No Driver Found,"""CID5926912""",Go Sedan,Tis Hazari,IMT Manesar,BOOKING_CREATED,2024-11-01 10:57:38,,,,,,,,,
"""CNR9838819""",No Driver Found,"""CID8656882""",Auto,Kalkaji,Rohini East,BOOKING_CREATED,2024-06-13 17:42:46,,,,,,,,,
"""CNR1447199""",No Driver Found,"""CID5672090""",Bike,Pragati Maidan,Moolchand,BOOKING_CREATED,2024-02-03 09:43:28,,,,,,,,,
"""CNR3252002""",No Driver Found,"""CID1779796""",Premier Sedan,Netaji Subhash Place,Nawada,BOOKING_CREATED,2024-10-09 12:26:30,,,,,,,,,
"""CNR3229419""",No Driver Found,"""CID1951486""",Auto,Jama Masjid,New Colony,BOOKING_CREATED,2024-05-30 11:03:20,,,,,,,,,
"""CNR9154308""",No Driver Found,"""CID6848713""",eBike,Rohini West,Model Town,BOOKING_CREATED,2024-10-14 19:08:37,,,,,,,,,
"""CNR7772689""",No Driver Found,"""CID8479991""",Premier Sedan,South Extension,India Gate,BOOKING_CREATED,2024-05-05 22:21:24,,,,,,,,,
"""CNR8621609""",No Driver Found,"""CID6885681""",Go Mini,Azadpur,Paharganj,BOOKING_CREATED,2024-11-21 05:44:31,,,,,,,,,
"""CNR6559550""",No Driver Found,"""CID8250707""",Premier Sedan,Lok Kalyan Marg,Ambience Mall,BOOKING_CREATED,2024-12-04 22:26:12,,,,,,,,,
"""CNR1029558""",No Driver Found,"""CID6177208""",Go Sedan,Noida Sector 62,Huda City Centre,BOOKING_CREATED,2024-06-19 10:17:35,,,,,,,,,
"""CNR3197163""",No Driver Found,"""CID8201575""",Auto,Anand Vihar ISBT,Sonipat,BOOKING_CREATED,2024-08-10 15:46:52,,,,,,,,,
"""CNR6080774""",No Driver Found,"""CID2418481""",Auto,Govindpuri,Jahangirpuri,BOOKING_CREATED,2024-12-22 18:06:01,,,,,,,,,
"""CNR1026036""",No Driver Found,"""CID6974869""",Go Mini,Seelampur,Nehru Place,BOOKING_CREATED,2024-07-21 17:59:41,,,,,,,,,
"""CNR6306551""",No Driver Found,"""CID1738227""",Bike,Sultanpur,Civil Lines Gurgaon,BOOKING_CREATED,2024-07-27 14:47:51,,,,,,,,,
"""CNR5765872""",No Driver Found,"""CID2684010""",Premier Sedan,Sultanpur,Connaught Place,BOOKING_CREATED,2024-05-19 13:46:21,,,,,,,,,
"""CNR6388956""",No Driver Found,"""CID4672688""",Go Sedan,Old Gurgaon,Mayur Vihar,BOOKING_CREATED,2024-07-15 00:11:14,,,,,,,,,
"""CNR2861896""",No Driver Found,"""CID4048052""",Go Mini,Moolchand,Keshav Puram,BOOKING_CREATED,2024-03-31 16:57:02,,,,,,,,,
"""CNR9337450""",No Driver Found,"""CID7541854""",Bike,Panipat,Kashmere Gate,BOOKING_CREATED,2024-12-23 10:58:24,,,,,,,,,
"""CNR4120871""",No Driver Found,"""CID4340100""",Go Mini,IMT Manesar,Pragati Maidan,BOOKING_CREATED,2024-06-03 09:13:20,,,,,,,,,
"""CNR4034071""",No Driver Found,"""CID7016378""",Auto,Qutub Minar,IGI Airport,BOOKING_CREATED,2024-05-11 20:59:49,,,,,,,,,
"""CNR7950257""",No Driver Found,"""CID7717386""",eBike,Gurgaon Railway Station,Chhatarpur,BOOKING_CREATED,2024-11-16 10:59:00,,,,,,,,,
"""CNR8134514""",No Driver Found,"""CID6789949""",Auto,IFFCO Chowk,Gurgaon Sector 56,BOOKING_CREATED,2024-12-05 15:55:36,,,,,,,,,
"""CNR1179297""",No Driver Found,"""CID3263567""",Go Sedan,GTB Nagar,Maidan Garhi,BOOKING_CREATED,2024-04-27 10:25:44,,,,,,,,,
"""CNR3871280""",No Driver Found,"""CID3205340""",eBike,Noida Sector 18,Gurgaon Railway Station,BOOKING_CREATED,2024-12-22 17:24:10,,,,,,,,,
"""CNR8082228""",No Driver Found,"""CID4151159""",Go Sedan,Mansarovar Park,Ardee City,BOOKING_CREATED,2024-02-29 21:19:26,,,,,,,,,
"""CNR5347383""",No Driver Found,"""CID6946108""",Bike,Sushant Lok,Botanical Garden,BOOKING_CREATED,2024-04-04 11:03:51,,,,,,,,,
"""CNR3272378""",No Driver Found,"""CID9980917""",Auto,Ashok Vihar,Pulbangash,BOOKING_CREATED,2024-09-03 07:04:01,,,,,,,,,
"""CNR9102545""",No Driver Found,"""CID2449017""",eBike,Udyog Bhawan,Paschim Vihar,BOOKING_CREATED,2024-11-14 20:09:20,,,,,,,,,
"""CNR7953592""",No Driver Found,"""CID4137032""",Go Mini,Ghitorni,Okhla,BOOKING_CREATED,2024-02-06 02:14:58,,,,,,,,,
"""CNR6631875""",No Driver Found,"""CID6946584""",Bike,Indraprastha,Cyber Hub,BOOKING_CREATED,2024-04-14 11:22:26,,,,,,,,,
"""CNR4940029""",No Driver Found,"""CID1943965""",eBike,Indirapuram,Tis Hazari,BOOKING_CREATED,2024-12-09 22:42:28,,,,,,,,,
"""CNR3377234""",No Driver Found,"""CID3774672""",Go Sedan,Chhatarpur,Kanhaiya Nagar,BOOKING_CREATED,2024-05-18 21:58:16,,,,,,,,,
"""CNR4655833""",No Driver Found,"""CID8563899""",Go Sedan,Noida Sector 18,GTB Nagar,BOOKING_CREATED,2024-09-10 20:46:44,,,,,,,,,
"""CNR3920844""",No Driver Found,"""CID9795382""",Go Mini,Samaypur Badli,Azadpur,BOOKING_CREATED,2024-08-21 11:52:00,,,,,,,,,
"""CNR8115913""",No Driver Found,"""CID5962498""",Go Sedan,Mansarovar Park,Green Park,BOOKING_CREATED,2024-08-16 21:53:52,,,,,,,,,
"""CNR5308526""",No Driver Found,"""CID4029127""",Go Mini,Shastri Park,Basai Dhankot,BOOKING_CREATED,2024-01-08 19:38:43,,,,,,,,,
"""CNR5620073""",No Driver Found,"""CID6519289""",Go Sedan,Cyber Hub,Ardee City,BOOKING_CREATED,2024-08-14 19:01:23,,,,,,,,,
"""CNR8008348""",No Driver Found,"""CID5700868""",Go Mini,Gurgaon Sector 29,Chandni Chowk,BOOKING_CREATED,2024-12-13 11:30:06,,,,,,,,,
"""CNR1995812""",No Driver Found,"""CID4255651""",Premier Sedan,Barakhamba Road,Mehrauli,BOOKING_CREATED,2024-05-31 18:38:58,,,,,,,,,
"""CNR5589677""",No Driver Found,"""CID1789522""",Go Sedan,Kadarpur,Dwarka Mor,BOOKING_CREATED,2024-01-26 07:59:16,,,,,,,,,
"""CNR9139498""",No Driver Found,"""CID8290073""",Auto,Netaji Subhash Place,Tagore Garden,BOOKING_CREATED,2024-02-15 08:48:37,,,,,,,,,
"""CNR9691617""",No Driver Found,"""CID3401953""",Auto,Bhikaji Cama Place,Lok Kalyan Marg,BOOKING_CREATED,2024-11-07 21:32:45,,,,,,,,,
"""CNR9555495""",No Driver Found,"""CID9134625""",Go Mini,India Gate,Qutub Minar,BOOKING_CREATED,2024-03-11 08:03:41,,,,,,,,,
"""CNR7701195""",No Driver Found,"""CID4926467""",Bike,Dwarka Sector 21,Anand Vihar ISBT,BOOKING_CREATED,2024-11-15 09:07:49,,,,,,,,,
"""CNR4903335""",No Driver Found,"""CID8569846""",Go Mini,Gwal Pahari,Netaji Subhash Place,BOOKING_CREATED,2024-04-24 17:48:52,,,,,,,,,
"""CNR9143440""",No Driver Found,"""CID1930898""",Go Mini,Green Park,INA Market,BOOKING_CREATED,2024-03-19 15:52:24,,,,,,,,,
"""CNR1850925""",No Driver Found,"""CID5174327""",eBike,Mandi House,Civil Lines Gurgaon,BOOKING_CREATED,2024-01-24 00:54:12,,,,,,,,,
"""CNR2435492""",No Driver Found,"""CID1389284""",Go Mini,Badshahpur,Gurgaon Sector 56,BOOKING_CREATED,2024-08-05 23:10:48,,,,,,,,,
"""CNR3135715""",No Driver Found,"""CID7980316""",Premier Sedan,Keshav Puram,Shivaji Park,BOOKING_CREATED,2024-05-07 06:50:56,,,,,,,,,
"""CNR4225061""",No Driver Found,"""CID6635009""",Go Mini,Pragati Maidan,Munirka,BOOKING_CREATED,2024-07-07 14:48:13,,,,,,,,,
"""CNR2532904""",No Driver Found,"""CID4861306""",Premier Sedan,Greater Noida,Akshardham,BOOKING_CREATED,2024-12-03 15:26:59,,,,,,,,,
"""CNR3849190""",No Driver Found,"""CID7847533""",Auto,Rohini West,Sultanpur,BOOKING_CREATED,2024-10-07 08:30:25,,,,,,,,,
"""CNR8970933""",No Driver Found,"""CID8944497""",Bike,Yamuna Bank,Shastri Park,BOOKING_CREATED,2024-11-06 09:06:26,,,,,,,,,
"""CNR1950145""",No Driver Found,"""CID5407654""",eBike,Greater Kailash,Anand Vihar ISBT,BOOKING_CREATED,2024-05-14 10:09:06,,,,,,,,,
"""CNR6423491""",No Driver Found,"""CID6078554""",Bike,Indirapuram,Udyog Bhawan,BOOKING_CREATED,2024-03-07 10:09:23,,,,,,,,,
"""CNR6858487""",No Driver Found,"""CID9606268""",eBike,Patel Chowk,Kalkaji,BOOKING_CREATED,2024-07-05 09:09:07,,,,,,,,,
"""CNR9861468""",No Driver Found,"""CID5762573""",Bike,Central Secretariat,Kirti Nagar,BOOKING_CREATED,2024-09-08 10:13:59,,,,,,,,,
"""CNR2521430""",No Driver Found,"""CID8432266""",Go Sedan,Nirman Vihar,Keshav Puram,BOOKING_CREATED,2024-06-16 23:08:35,,,,,,,,,
"""CNR3198556""",No Driver Found,"""CID7488233""",Bike,Aya Nagar,Mayur Vihar,BOOKING_CREATED,2024-03-16 11:43:30,,,,,,,,,
"""CNR5588221""",No Driver Found,"""CID4459839""",Bike,Aya Nagar,Moolchand,BOOKING_CREATED,2024-06-25 09:09:24,,,,,,,,,
"""CNR8406684""",No Driver Found,"""CID3807933""",Auto,Saket,Arjangarh,BOOKING_CREATED,2024-11-17 18:43:58,,,,,,,,,
"""CNR2798586""",No Driver Found,"""CID2014307""",Uber XL,Patel Chowk,Indraprastha,BOOKING_CREATED,2024-10-22 02:33:56,,,,,,,,,
"""CNR3400281""",No Driver Found,"""CID3015681""",Bike,Jor Bagh,Yamuna Bank,BOOKING_CREATED,2024-06-10 19:54:35,,,,,,,,,
"""CNR3696620""",No Driver Found,"""CID2888587""",Go Sedan,Sushant Lok,Rajiv Chowk,BOOKING_CREATED,2024-10-19 19:33:22,,,,,,,,,
"""CNR6182851""",No Driver Found,"""CID5845388""",Premier Sedan,Kadarpur,Saidulajab,BOOKING_CREATED,2024-01-06 13:08:39,,,,,,,,,
"""CNR9551560""",No Driver Found,"""CID9810370""",Go Sedan,IGI Airport,Udyog Vihar Phase 4,BOOKING_CREATED,2024-01-04 01:50:19,,,,,,,,,
"""CNR9587729""",No Driver Found,"""CID5800320""",eBike,Vasant Kunj,Pataudi Chowk,BOOKING_CREATED,2024-11-03 20:00:21,,,,,,,,,
